Principal component 1,Principal component 2,Principal component 3,Principal component 4,Principal component 5,Principal component 6,Principal component 7,Principal component 8,Principal component 9,Principal component 10,Target
-3.8435127226180033,-0.6710483769293021,-0.4237047080672255,0.2256135266522435,0.06460413707251367,1.255844326093633,-0.21771714002528936,-0.2613607031413547,-0.3073935563471873,0.6163350289058762,"Contour_px0_center[8798, 7152].png"
2.458579010851808,-0.7526365644417038,-3.402876711946749,-0.12729169526545348,-0.5821821041725112,-0.97053019440214,0.17351554371179517,0.29868743201326114,1.1606755393026118,-0.1316886081453757,"Contour_px100_center[2425, 5645].png"
3.6447834006860904,-0.46857911316967704,1.4880530430969536,0.9951282290420838,3.1774972328231565,0.33479413489180165,2.3815984327891497,1.0424625569910289,1.2852192263721811,0.2078239275222765,"Contour_px102_center[9714, 5703].png"
0.2947276873228399,-1.4351441706250831,0.6066257138362978,-0.31091557607366016,-0.21554362000975988,-0.6618573586456565,0.09878243410653963,-0.3166378109979499,-0.2515234512527575,-0.08012127554188375,"Contour_px103_center[2094, 5670].png"
-1.3094106235484682,-2.085837194184103,-0.5253885806415812,0.04952716554116034,-0.9534175806621517,0.4496425786250459,0.2087603116044408,0.05006352480474042,-0.09061077219740446,-0.48058528148846374,"Contour_px104_center[7121, 5633].png"
-2.7043137840244973,0.632757306472614,1.6376318214354062,-0.4385411132080646,-0.851342860370078,-0.07373081557537622,-0.2683735837440287,0.8210645899853628,0.9815152161323661,-0.07466199596656153,"Contour_px105_center[455, 5673].png"
2.667905553057294,0.4589429859495304,0.8386456011245215,-1.2951618999846717,0.44765372485418725,-0.4589884681396077,-0.4980881718632978,1.0164405790371034,-1.0308029187690428,0.3425803595036598,"Contour_px106_center[13634, 5662].png"
0.25839115159007336,-0.2767258231806538,-1.6523843668045117,-0.5735161858546994,0.4331927426422618,0.2287050373746714,-0.461201383009233,0.31917815897876783,-0.11879298509189164,0.16420122383269703,"Contour_px107_center[3119, 5619].png"
-1.3937065934622175,-0.3828003661711323,0.0843963669329946,-0.7842049255887193,0.4196317982997647,0.4803747108698657,0.7459182716064985,-0.010715623004203405,-0.6631912960963041,-0.08754658444776041,"Contour_px108_center[1020, 5640].png"
-1.7107649583618003,0.9647798123759349,-0.12036267660531852,0.11151254433738199,-0.1461450752746809,-0.09110110305664937,-0.3209469919809264,-0.09745566996672463,0.03817985406862574,0.3264573519871432,"Contour_px109_center[12114, 5671].png"
-0.2569519356017835,0.2857789279498911,-0.7022472599990013,-0.7651618987020972,0.42045256449623003,-0.4696425863042947,-0.28663970226361773,-0.39687755464587077,-0.2707409681527614,-0.06424640185666812,"Contour_px10_center[4181, 6694].png"
-1.0939118786198565,-1.2184399104304986,-0.8159990856717788,-0.22024740263221143,-1.2320681482032974,0.8124316621989971,0.17006923714988162,0.3960862496085741,-0.2267845332238532,-0.40219129277974486,"Contour_px110_center[3470, 5611].png"
-0.3275697118682893,-1.3306802150275567,0.5412463393083902,1.0020001884397505,-0.25421757395753075,0.3695279172155283,0.2833945836101143,0.8575911362798908,-0.15777734975621124,-0.13334029502125247,"Contour_px111_center[8134, 5600].png"
0.39452678995455487,-2.162345682822609,-0.587352475631714,-0.05291110400022888,-0.2489482426482606,-0.5474193373526182,0.08050157924999926,0.02503934671961873,-0.029261937673012488,0.03158080992133104,"Contour_px112_center[6878, 5583].png"
-0.38809792067635884,2.0809370489884156,1.917434881598105,-1.3685421111807445,0.9653153995753797,-0.42871529589832386,0.2621668222994237,0.7007767829144109,-0.08514562282866364,0.1825477246105387,"Contour_px113_center[10625, 5672].png"
0.9134557427667499,1.2291969845523982,1.8363160579144877,-0.11968029771545559,0.8287495175452725,-0.32704556439050864,0.2617192808432384,-0.6092637722513943,-0.4701272846140111,0.32628881134799337,"Contour_px114_center[11241, 5693].png"
-1.8798327946503535,0.10367155110552018,0.017300563087734356,0.15893112942749632,-0.9835620323291017,-0.014878727667865133,0.032164214804425974,-0.19649641834260362,-0.04680229282234489,0.05848860069236285,"Contour_px115_center[3818, 5592].png"
2.758445928783413,-0.4238156810498452,0.2089877692518053,-0.7262792634457562,0.72234517277607,-0.43268854225903297,0.2480026746187401,-0.5301013383729356,-0.10426358429156282,0.47636705978594523,"Contour_px116_center[4241, 5568].png"
0.8594364375539102,-0.647399302592565,0.530992627224677,-0.2642964072513592,-0.7639047658232581,-0.2592975239827062,-0.45247989156724955,-0.9203657562230035,0.1096452470691264,0.04210920005526957,"Contour_px117_center[12847, 5566].png"
3.234039290669869,2.017228398554127,-1.093986453724379,0.007715083430641235,-0.02464065908386169,-0.5392647181603671,-0.10248525347390584,-1.2291107803272547,-0.14380545310936768,0.23003599547529763,"Contour_px118_center[9278, 5536].png"
1.7883194797881583,0.6727110786480794,1.6595591352862646,0.30362295398936895,0.9134164245192676,0.5275253643542251,-0.1881520467127978,-0.9201380908756807,-0.1007357692019076,-0.13178601481329597,"Contour_px119_center[6529, 5567].png"
1.0657831220774279,-0.22881260635784,-1.2875288114285994,1.3645581905739856,-0.4391545127475911,-1.0780939356758377,-0.8504594871493133,-0.48326992020793613,0.09241523632388066,0.3277311944536152,"Contour_px11_center[4834, 6621].png"
-1.5688015858395725,-0.2612412389381328,-0.11624743435836178,1.0694451421305629,1.4067444201014494,0.13565543138361394,0.008023164985290198,0.0931401183581068,-0.4900163817918728,-0.19514748441993873,"Contour_px120_center[1386, 5543].png"
1.0532091849909564,-0.31182164787167244,0.3251267545911792,-0.5578610153143391,1.2222768364342564,-0.23179156829760456,0.3000489252909263,0.14473223113429423,-0.5141842464357372,-0.23757794147163128,"Contour_px121_center[7312, 5504].png"
-1.810788614682983,1.4941396349508718,2.881371988942858,-0.3843389649213756,-0.08995122273309665,-0.5218687494738097,0.4880147961697333,0.6651417055539939,0.6948126109759801,0.0397713586787492,"Contour_px122_center[11673, 5669].png"
-1.4146876053336905,-0.789534599555263,1.1426001216603678,-0.27992329025118307,-0.11066102648713914,0.9575293168867182,0.5904782287812106,-0.9219280555397896,0.6694664910437612,-0.16956418600128292,"Contour_px123_center[14035, 5507].png"
0.6273259257616629,-0.1888418044180249,0.6898367483052585,1.2294332530967758,0.9478980492329387,-0.9502774016037953,-0.27773447998093176,0.027043313017126407,0.03884112777234387,0.38992604487949345,"Contour_px124_center[8512, 5499].png"
-0.273516292168502,0.9114376037017596,0.8338727488396865,0.21696623374206941,-0.5740685509633061,-0.12301175947314434,0.1671925825965121,-0.22759282907839837,-0.02670972527524565,-0.23090366308951074,"Contour_px125_center[13172, 5532].png"
0.3896239331871396,-0.7580230744856006,1.9458104685113375,1.3583367558922637,1.5630352131103498,-0.5678303503044293,0.7537078215570232,-0.43511839702446836,-0.3680351775357378,0.3227904392040142,"Contour_px126_center[2816, 5512].png"
3.6545960018350123,-1.5462190298362521,-1.3033280933568918,-0.7771723944728455,-1.3327077242648304,0.17645163043670836,0.24958840953627567,1.203962248863048,-0.30026295729147473,0.38695308228911507,"Contour_px127_center[9605, 5453].png"
-0.9620890330321169,0.6725274638728984,-0.685108954196304,-0.26208826547573594,-0.15055183801059424,-0.2856694193125739,0.0863598450048157,-0.43894537231446856,-0.22028357504718013,-0.10137238523397511,"Contour_px128_center[6128, 5481].png"
1.9271898983325286,1.5061510640249396,1.0233211342656792,-0.2389718840312325,1.6028364815375824,-0.3745335122574752,0.4704862928769501,0.1052644551491734,-0.2781522264077935,0.16458401923462654,"Contour_px129_center[5761, 5537].png"
-0.3939943641368658,-1.7206536885678039,-1.2892843656933715,-0.37230548455911644,0.575467541993376,-0.4861712818876985,-0.3656039850750409,-0.44799661204279434,0.2831432143446481,-0.018789662505358618,"Contour_px12_center[5721, 6607].png"
-1.2863204376020845,-0.026378722846057648,-0.2393893544391981,0.40465383231797886,-0.23864214026042277,0.20197733729626927,-0.8144042255216675,0.740646695150218,0.49278277767352574,-0.22821475798631485,"Contour_px130_center[8837, 5397].png"
-2.009194088351915,1.9625393724230362,1.9750027261993153,-0.42672034888151905,0.0032693665572865317,-0.45130721934254925,0.17726925530998025,0.9480994643115724,0.9957911405187935,-0.19520077570520467,"Contour_px131_center[4663, 5469].png"
1.3046195884685452,-1.5126964594999266,1.155719755106045,1.175443270666638,0.7688627727790385,0.8326771375398411,0.41453980326961687,-1.3222578676315342,0.48429061521087535,-0.11816734919743743,"Contour_px132_center[939, 5353].png"
1.0472993912259931,0.16199652136048026,2.2675560336449867,0.511423436051859,1.4327420152664578,-0.8436673944776956,-0.022705731006715815,-0.004992852337537415,-0.5819223452271348,-0.47671587123314313,"Contour_px133_center[7678, 5452].png"
-0.3447766496493466,-0.3138901876903278,-0.3328944280676008,-0.18076054724670426,0.0599768508477709,-0.261529394116181,-0.4862595091082885,-0.016374484795856386,0.2023623243488042,-0.28782411364212496,"Contour_px134_center[6737, 5341].png"
-1.9911132640435167,3.1278298516856253,2.289562009588312,3.245730741870999,1.2773467384598787,-0.052532861651613284,1.5461315419677726,1.0788031404742684,0.10344250754787084,-0.5879247403491005,"Contour_px135_center[5261, 5365].png"
-0.3877690681315313,0.8652344815673336,-0.11964839063837489,-0.8606190608194402,0.23793406925644775,-0.36468970548423946,0.4580484322677948,-0.24794405188256938,-0.30174004248801284,-0.08745537410067006,"Contour_px136_center[10070, 5374].png"
-1.3193875801823605,1.849605381434609,1.0783712634868337,0.5804175043374534,1.539206346403153,-0.9704051502644068,0.4609429352871023,0.44606541192824867,0.6230436932677063,-0.23494113212508616,"Contour_px137_center[10545, 5374].png"
-0.20232462604286802,-1.3995536026065498,-0.46936054651115816,-0.7589617771077446,-0.38590089514939613,-0.5829607308452132,0.056742752835170336,-0.39542512209477537,0.18624391839992016,0.10270097281654833,"Contour_px138_center[7028, 5323].png"
-2.3540608554449856,1.0877080296107327,-0.49771739673424936,-1.064760581214881,-0.7342233316882075,-0.20130937302474963,0.3048546782708199,-0.34669653157094177,0.618578838705908,0.06011915459352204,"Contour_px139_center[14721, 5355].png"
-1.9037553001121812,0.9184007024811224,-1.6353396047822057,0.33147374765654003,-0.014690956706953032,0.4952738255156519,-0.013338076025908802,-0.1110167408614025,-0.17184140597276418,0.16803274038959326,"Contour_px13_center[6564, 6633].png"
-0.28529332896783227,-1.3627950326660396,-0.3285027899229708,-0.014922648977002987,0.6876284598420708,-0.5679020784422071,0.042377100090259676,-0.40247311263825103,-0.10314839747123349,0.34498132056610015,"Contour_px140_center[3668, 5280].png"
1.917425266749729,-1.5600480660754887,-1.303255046375414,-0.651381834950182,0.4041953544217808,-0.446968426929711,0.20488338990736496,-0.6046792881016393,-0.5751711353741479,-0.3237869471178778,"Contour_px141_center[486, 5272].png"
-1.2582416215360734,-2.744803688752657,-1.7707216587584924,-0.09773760740483042,-0.9081272476874537,0.9231145962154963,0.13290981445435268,0.18043623326986352,-0.01372179441046135,0.5132008899551124,"Contour_px142_center[3415, 5246].png"
0.4415268755423511,3.2810905160935713,-0.6527720572046781,-0.5741470779036655,-0.4717250137943259,-1.0752590029134534,0.7446061137929298,-0.4020489008702056,0.05413797724942613,-0.010051199075645507,"Contour_px143_center[11831, 5339].png"
-3.3968926036115668,1.6589393148220557,-1.2913389888453881,0.21093634260443295,-1.6250003312810593,1.085610877798582,0.012454208260906282,0.029670128253346924,0.06488855992203318,0.5632461027891938,"Contour_px144_center[1759, 5329].png"
1.2318167828075322,0.03589293812983159,0.13112473649354292,-0.8766913446520876,-0.6178419370965774,-0.5753279810664899,0.373730000263482,-0.5672554914063268,-0.5107699503501983,0.20373680122390653,"Contour_px145_center[11414, 5271].png"
0.367839025071634,0.18474378817196965,-2.4544770959138233,-0.3115176017175897,1.328979256881497,-0.6525611457264623,-1.1773447183399877,-0.7296059055473257,0.7164040700503947,0.2000869482059054,"Contour_px146_center[9746, 5226].png"
1.7757203782521733,-1.1065511038291092,-1.2877368565501528,-0.6046945862091689,0.6108713916388573,0.27556570428633526,1.1999209167852176,0.38204212019193723,-0.11031293473719965,0.4500724565452573,"Contour_px147_center[7315, 5233].png"
0.5966352930409718,-0.5134430563620249,0.16839417319734612,-1.90748894107705,0.7083035360822476,-0.5795506961081801,-0.6252938115352958,-0.03775796320790056,-0.17910005407154636,-0.09148976277926801,"Contour_px148_center[2697, 5237].png"
0.5716782442516548,0.39628131973442304,1.282775486759902,-0.5671003722911943,0.12789168004573773,1.22995770027887,0.3686356471642011,-0.08657668651428986,-0.8866256020564304,0.20698517714705808,"Contour_px149_center[12191, 5253].png"
-0.7939140358883974,-2.0876631584242817,-0.24528971679323347,0.20089783597254138,0.08368452263312055,-0.33520242054843996,0.3084674484297451,-0.3247279043692736,0.06362396064710128,-0.30592672267273796,"Contour_px14_center[959, 6610].png"
-2.759564791638064,0.08561237558142813,0.7355308761694128,0.8280756123426034,-0.3941805612911163,0.25243109083649684,-0.605401741108727,0.4848787879386548,0.43018000726506817,0.1757775856380131,"Contour_px150_center[3027, 5233].png"
-0.5205336311423445,-1.4842200148410045,-0.4722602282195052,0.007928315985540162,0.6564271945555649,-0.48813589353674275,0.479107536313152,-0.13024039395041118,0.2787710556538771,-0.05439696964767992,"Contour_px151_center[6245, 5187].png"
-0.5411820383435901,1.0000161449237117,0.9811999719097539,-1.7081534934704032,0.3518841694827693,-0.018602258628103014,0.37022699299668765,0.6115345833344974,-0.5740721296197654,0.018832272581510545,"Contour_px152_center[2359, 5259].png"
-1.633968044816681,2.5053050532789425,0.22417421537232962,-0.06972652983499333,-0.2663085619573324,0.6170785591656479,0.21484480972702774,1.0090309783272586,0.1086874040159843,-0.06573713206108955,"Contour_px153_center[12552, 5240].png"
1.0111666991204447,-2.1654372424884265,-1.6798618426168377,-0.7762752495471336,-0.6737204414159719,-0.34865483416096293,-0.08832226260782973,0.29101430155466074,0.5058659918527899,0.7111073241286137,"Contour_px154_center[7350, 5125].png"
-2.885452780521254,-0.13602066062716536,-0.3456004334470088,0.286528339666012,0.310981485393425,1.4477496918132902,0.22593856781163155,0.5517913097790744,-0.36867056810909266,-0.11744948820098643,"Contour_px155_center[8519, 5115].png"
4.033823216408477,1.9383101518317367,1.5976274182286578,-0.6777137501248893,-1.3793314668947252,1.0645759259398762,-1.3713285507780224,0.10000568521502474,0.6406895050979531,-0.2056591545287684,"Contour_px156_center[11053, 5166].png"
-0.6510095381610626,3.4295088545953916,1.3550262565807816,-0.9280883504577511,0.8752062432590629,-0.7543927127154468,0.9892828073209601,0.7704480026795983,0.4354673443423466,-0.27478045490804887,"Contour_px157_center[14264, 5237].png"
0.7320889150757274,3.3695111833577935,0.5313943870155347,-1.7595282370786658,0.9850705160900394,-0.09043266837368917,0.11653558416188765,1.5153057413700195,-0.310083338874803,-0.17651276187032808,"Contour_px158_center[13621, 5194].png"
-0.6511125851856169,-0.8614449112767897,0.4723889184074854,-1.3372431855245401,-0.4215106782331856,-0.842990702048503,0.15992320817825345,-0.5208178715056436,0.3654540966005748,-0.42398980899630623,"Contour_px159_center[9398, 5104].png"
1.7345907242405492,-1.5783145040545514,0.4917368611305793,-0.36066710950455283,1.0445637610920757,-0.20077089386800562,0.4712425208882427,0.15914201038962314,-0.06319647134781366,0.2766462314016125,"Contour_px15_center[1302, 6603].png"
1.5731171539390632,3.741508768772958,0.48250691786014827,-0.013203281202333926,0.3764098186689593,-0.253114099526716,0.4905490080995996,0.4507343631842854,-0.7143846511894827,0.05498701376928498,"Contour_px160_center[4198, 5187].png"
-2.6935414666518263,0.12821464744243233,0.11256648226945473,0.4343819106592945,1.7270553422778396,0.27826055877336037,0.42848469348870794,0.03475270885691366,0.04094685134388118,-0.09529569884398612,"Contour_px161_center[8978, 5034].png"
2.02591806525266,-0.41995509646726886,-0.10140871497052949,0.25360429377739196,1.7733855341125053,0.11533507933726277,-1.18189286929183,0.4583137523736513,-0.7720811537392402,-0.8501689574222429,"Contour_px162_center[3474, 5001].png"
-1.4293702298353532,-0.1689518345260432,-0.2814290195088922,-0.4605335703096539,0.6196546683067546,-0.1736366430016381,0.016235383394001497,-0.5934946298267734,-0.3103277082509491,0.22230187522633868,"Contour_px163_center[1008, 5043].png"
-2.1110296077934154,-0.05544664881814779,0.4288576672745034,0.27036960782251174,-0.4453863046539854,0.31781518143912757,0.16955977629872052,0.1344418765091279,0.06597784491226533,-0.20985855680138665,"Contour_px164_center[4554, 5039].png"
-1.1284122057563784,0.8003590904331047,-0.12538636795321695,-1.108648334467534,0.5390237121412993,0.45373615438939124,0.05778216423653615,0.5530346418514512,-0.29721346988787667,0.4194363434157761,"Contour_px165_center[13274, 5034].png"
-0.8454313138312339,0.4889112532338049,-0.760083484434758,2.058493871714487,-0.745712721578322,0.2279302408004825,0.7479107604488414,-0.4074545132270235,-1.230330613457218,-0.3681824231591795,"Contour_px166_center[11551, 4991].png"
-0.6878086137213816,0.9320356932758335,0.8018055747204346,-0.35503686053157213,-0.4688662248881555,0.47417459705113324,0.3175353044580494,0.1959069554170589,-0.7968217570396788,-0.044237039061972315,"Contour_px167_center[5753, 5060].png"
-1.2645609220923217,0.4442535329378333,0.18311156316927663,0.9772899558808804,-0.054860170650105296,0.014542549824732222,0.3872285105427536,-0.7278862312486037,-0.35264596250894437,0.11246836139419397,"Contour_px168_center[10486, 5032].png"
-0.4222754932830248,0.8835323257573279,0.6177996787862087,-0.2291485170038044,0.8895732219147702,-0.4879153697977466,-0.009397800085315561,0.02313842501627077,-0.0670736517827821,-0.07845527311147688,"Contour_px169_center[14596, 4988].png"
-1.8869806544709162,-1.5444828808958109,-1.5726089114529498,-0.6112378191322067,0.4536682568246982,0.596914564570851,0.48859590768287087,-0.8340066519063445,-0.5338117510815974,0.48241169479787627,"Contour_px16_center[6114, 6560].png"
0.655887147323277,2.398274750027765,2.7346115889857874,-0.020158495011316432,1.2686663563052711,-1.1155399381168525,0.2721125741365772,0.42551164086274584,0.5505309455853649,-0.16753994533625705,"Contour_px170_center[5334, 5021].png"
0.7012058022880464,-0.8749304485040851,0.6874793547871603,0.2721149955015471,-0.30493947883831446,-0.7833143291609265,-0.7585205659063612,-0.3457002021861765,0.209241970554026,0.2271707550042291,"Contour_px171_center[10089, 4963].png"
-2.5349442597379586,-0.4792867341680645,0.2733811425796676,0.8985703974685048,1.6201731119534923,0.02374745545552004,-0.08197722978209174,0.09634878806738581,0.4470545168270226,0.1975433519730839,"Contour_px172_center[4887, 4980].png"
-1.3707473661426124,-1.374832685548576,-1.0491137388166687,-0.8154972037612872,0.035284966271881074,0.37486182371271787,-0.19279617610142674,-0.14666444447027754,-0.12944471795802018,-0.2740089129639028,"Contour_px173_center[9771, 4926].png"
1.0835894741976189,0.11612519387321148,1.1907614222792113,-0.5404717086383615,1.1527230789321967,-0.30948112229141667,0.4355474099873376,0.06565844461562872,-0.4290207746513419,0.44339657730888543,"Contour_px174_center[12887, 4995].png"
-4.198806348380078,0.9108919319645119,0.5689433721184197,-0.7066209699719149,-0.01623396785422829,2.10604768472975,0.7430605235705096,0.07901180217910342,0.9651845658975285,-0.00693555740549398,"Contour_px175_center[1403, 4944].png"
0.9079702525802288,-2.5344286129874214,-1.4776436290217219,-0.8690864421000871,-0.08977443021832379,-0.3872868389928333,-0.23178618295467915,0.4544618504352155,0.6230208672569849,0.4710192629339728,"Contour_px177_center[10780, 4806].png"
-2.0434190524915388,0.2652240257154142,-0.02791594816842502,0.12575159272000805,-0.5874451578121701,0.9047474215229918,0.9931798781001333,0.2930992115574113,-0.8143076389769337,-0.2279746126421047,"Contour_px178_center[412, 4864].png"
-0.6093726948380062,-1.1931119055140509,-0.8970945361250672,1.4527012931586574,1.0937664103318077,-0.6119348871192963,-1.056297322720046,0.12314107758916716,0.7351710872308727,-0.5854775735408705,"Contour_px179_center[8658, 4793].png"
-0.2550099290330335,2.0272092625474634,2.0508392186976203,1.688261725596582,0.25095960745959023,-0.8265406786239294,0.14450741476044232,0.34432594622807344,0.3533359627613765,-0.04355345787483412,"Contour_px17_center[3403, 6699].png"
1.2298296103784778,0.9827400298455402,1.0715464453616894,0.10370429182323569,0.06261844041936487,-0.40649687625999953,0.5265003490847421,-1.0166563640007011,-0.2343829467924629,0.2800386902845206,"Contour_px182_center[6168, 4866].png"
3.9297528668673567,7.8750573064534946,-3.280276411082922,1.2182885453985184,-1.458126462864484,-1.357472696669333,0.6732995851609501,-0.18694317498554122,-0.9874901479023134,0.11259032059790855,"Contour_px183_center[14185, 4801].png"
0.4626351923290868,1.0916957340653484,0.23816274499994702,-0.7822694479671812,-0.9295837729560903,-0.16585127820850046,0.666388972514084,-1.067841658741704,-0.3183433205886015,-0.04903878026098422,"Contour_px184_center[11282, 4791].png"
-0.9888584015500963,-0.8144638058719371,-0.42333832464905374,0.8307898697452069,1.5788725494408395,0.10365228179063687,-0.2616013377997904,-0.27691464157734785,-0.7194332199920151,0.15055084191288895,"Contour_px185_center[8013, 4716].png"
0.6510781827361225,-1.875640001066072,-0.27258945132964835,-0.4629402366556235,0.877591990168972,-0.5745862726296288,-0.18654153919997843,-0.07270435236112445,-0.2991503404409597,0.13946333634035987,"Contour_px186_center[5497, 4713].png"
-1.9837896646761286,-0.37868573421301605,-1.428306053961609,-0.3111825075134688,2.4350407517167616,0.2080105438738873,-0.5781315500680864,-0.0826605309809021,0.2650099515366906,0.747135588095818,"Contour_px189_center[893, 4697].png"
-0.7265922716959904,2.66777840657372,-1.1097030888746027,1.19527502929129,0.7460608832500972,-0.013220545479047711,0.4409972440446424,0.33359108019863387,-0.3381326639664144,-0.18818993411820895,"Contour_px18_center[5450, 6603].png"
-2.010013621410679,0.04376961044638738,0.9787421773512489,0.05273015127531239,-1.2503850460245396,0.4273335840967945,-0.43387466194522445,-0.0930271994608429,-0.2925286119615653,0.5995637099668638,"Contour_px190_center[13795, 4768].png"
-1.6717542103342675,-0.22220807715868077,0.22846079417319773,0.16432357558998473,-0.3451677933868821,-0.23372771072756107,0.4306005340790743,-0.4198004336972898,-0.21748151394534482,-0.24573089311009316,"Contour_px192_center[9484, 4743].png"
-2.462540249825143,1.2556288764653072,1.983442429843238,1.1241813715866338,-0.19395435872690595,0.44442829039522846,0.8586304806601198,0.2587494438007187,-0.43538959314007436,0.18147649059140863,"Contour_px193_center[12301, 4829].png"
-1.9256407971737208,-0.45200324397436786,0.7171769624752885,-0.7832733581514962,-0.8494411330260309,-0.22356694764408166,-0.11184883005751281,0.18663510174819298,0.5546352034930266,-0.09945571113231742,"Contour_px195_center[11869, 4733].png"
0.6155972366675919,-2.8270280981092695,2.0495693869361076,2.8071988567579735,-1.1408782229079324,0.25327099216356413,0.44876426820670745,0.31708162707195486,-1.1601265200333881,-0.8360026123755894,"Contour_px196_center[4633, 4703].png"
1.2218803349212461,-1.3843681852480132,-0.1661737819813657,-0.024409277135403105,0.26248565522132183,-0.4952014524397808,0.35006455570023554,0.29369194501667184,0.2932992326166822,0.28288688282435714,"Contour_px197_center[9921, 4673].png"
-1.8928419328910677,1.4791488435218725,0.033478218750277886,-0.5620687122432418,-1.1800670197995324,-0.04105500698006924,0.20639632527445473,-0.06327589718913343,0.5220331521500645,-0.008719774183083522,"Contour_px198_center[9179, 4704].png"
-1.6829814253904312,-2.7340062854401324,-0.16373596844520108,1.2213501248308645,-0.6199524548304193,0.6821751478789609,0.46383336062215175,-0.16973880917399267,-0.8687982590696476,-0.5368267903279437,"Contour_px199_center[11611, 4604].png"
-0.764636612774697,0.5364873896980525,0.12544493133777163,-1.0320886696955744,-1.0340328472273945,0.12738828900801022,0.07583243262679774,-0.32639527733788964,-0.2513215928094535,-0.022058361401793958,"Contour_px19_center[5137, 6601].png"
-0.23651703033978205,-1.5091640068359105,-1.0837224178775342,-1.0252509881117675,-0.6544124372687997,-0.18302485896752108,-0.33279602957066773,-0.2585108086532374,-0.07088093652148743,-0.06766039733744685,"Contour_px1_center[597, 7003].png"
-2.436155972434775,0.9744933471674745,-0.47359846705811015,0.5545776110730122,0.6413590206441305,0.35410947022371786,-0.3224000529867616,0.2511380337479818,0.3941210445490523,0.3175609334103049,"Contour_px200_center[10359, 4640].png"
0.6351740799535712,0.06483220102782473,-0.23102649691285385,-1.481333380852886,-1.168571636548235,-0.8488341467859708,-0.25549915383518934,-0.08159001034414513,0.2828650291441695,-0.13773963281167292,"Contour_px201_center[12616, 4626].png"
-1.1211450849714213,-1.268744284658721,-0.1602762617121601,-0.2640667516769443,-0.7429918733883674,0.07677458436577166,-0.7515978860152953,-0.26225555480647295,-0.1339696290042531,0.17057702900180294,"Contour_px202_center[1280, 4586].png"
-1.0717033305219914,-0.29838974043838,1.107308719363271,-0.5970134273658927,0.2059978990658809,-0.7354932525435306,0.414136948492592,-0.4397525855665931,0.15230583102644388,-0.024506412653034982,"Contour_px203_center[6477, 4606].png"
-0.6277883685777333,2.036894181012011,0.18224565169958157,0.04235507231624764,-0.8756031763641597,-0.5080109097108115,-0.5169566612416868,0.3970313359738881,0.596227959848401,0.2569256556257493,"Contour_px205_center[5843, 4606].png"
-0.9142863544645283,-0.49525010846685047,0.3312927871415396,0.9252068523700199,-0.05331644408061327,-0.34878723702032255,-0.4832801528672478,-0.32691168144758337,-0.028381351568849925,0.12936594882335253,"Contour_px206_center[12971, 4580].png"
-3.066927972665048,-0.47385532782390205,1.1620296141841677,0.7552142674828758,-0.5844108121998104,0.5515018191275677,0.6123025755953705,-0.016986212808000934,-0.2682371115473577,-0.14966434902571013,"Contour_px207_center[4976, 4558].png"
0.06288190638889644,-0.9533202250267963,0.5463877153258061,0.26699049054311613,0.033451713919409105,-0.22650618459306054,0.1397270515868853,0.23177939483609886,-0.22676131388364806,-0.3502902542520162,"Contour_px208_center[1610, 4534].png"
-2.891595007190487,2.1102991129659605,-1.9311247070721098,1.1939258934585966,-0.5300974934695141,1.1703737221419712,-0.02713389574270725,0.31467554346212673,0.01030096556740254,0.36392921652578636,"Contour_px209_center[13348, 4566].png"
-2.3681601321761527,-1.224687399605452,0.2989959072207882,1.8269367679357886,0.38519391175428885,0.9569146169849807,-0.6151703688147033,-0.24906701588639962,-0.7399464367315216,0.548490217226324,"Contour_px20_center[6947, 6558].png"
0.36380064836732684,-0.4346595016882483,-0.13243481766777307,-0.8985105546719994,-0.30468904728290114,0.302601225777029,-1.241137712158558,-1.0969741122818546,1.6351914734015685,0.17299673901984564,"Contour_px210_center[4592, 4502].png"
-1.2237903495807811,-1.7696716665062735,0.18344047787546308,0.03905309467716873,-0.6079901918039121,0.40005504149651394,-0.24463768920573353,0.12202172858598567,-0.32209578153166385,-0.18290042571488516,"Contour_px211_center[1930, 4487].png"
-0.6754272374446421,-2.2430118665025507,-0.4642787034680569,0.42598180161428134,-0.059789057200336386,-0.34129162425688364,0.00015314610918464058,0.40894637743240014,0.5337770477857198,-0.24560454885799432,"Contour_px213_center[6798, 4478].png"
2.5937908330171653,-2.608028423992927,-1.3901906816914154,-0.11620907148926227,0.9123184206631442,-0.3650291388165265,1.3919905730741864,1.5698888691613755,0.3418480667736327,0.2515539268087419,"Contour_px214_center[5277, 4452].png"
1.1458723207940091,-2.0297749917163355,-0.4752657463084632,-0.19194196114004886,-0.4689844391421309,-0.2566734241972389,0.3681985463580579,0.09622347689643083,-0.3411920198149743,-0.4618136908737699,"Contour_px215_center[357, 4452].png"
-2.072260313949559,0.05188466610281725,2.232622896391673,1.0178668151968682,-0.697683830848173,-0.3026257388038517,0.0060010184661582556,-0.07900092138495327,0.021666823799141494,0.35758176928612984,"Contour_px216_center[14716, 4511].png"
-3.4042971833793887,-0.1535001504719141,0.2330022125428163,-0.1023713571549979,-0.7336762259022426,1.1565822603504956,0.0982564297706369,0.16241287556200518,-0.2613845020420701,0.14861962686254315,"Contour_px217_center[4058, 4500].png"
0.42118439261719925,-0.8410531008265487,-0.24574019772976574,0.0778395396096409,-0.18170695913782176,-0.8897566043825921,-0.03468248932029532,-0.8911061682815179,-0.1824664005048866,0.14715096373391903,"Contour_px218_center[3498, 4448].png"
-3.4276357080756297,0.8155289957246582,0.46468683687638196,-1.0071823514249978,-0.3765051570131107,0.6134027333837625,0.7207418662483056,0.2538158068575613,0.46881354716767726,-0.10035126033070049,"Contour_px219_center[10792, 4471].png"
-0.1284119343844298,-2.071401449660036,-0.47704070523644587,-0.2811721264341479,0.08544845064203571,0.17691118724004254,0.29136919920657717,0.20633097071749776,-0.37474153559698486,0.36733779281747475,"Contour_px21_center[7925, 6477].png"
0.2185366380884382,-0.7810739773597192,-0.30535147093306253,-0.40213881206692254,-0.2384905014823134,0.1632088019652712,-1.5560979273525746,0.3542771516675099,-0.23697693818575888,0.33515637648979696,"Contour_px220_center[6090, 4406].png"
-2.0274518495442586,-0.49335656400141886,0.02049451824586064,-0.03726810819187032,0.9906659760798501,0.4196567528243271,0.05454585428276787,0.6312507094788538,-0.045055794684370744,-0.1784923004832812,"Contour_px221_center[2482, 4423].png"
-0.6755169038795362,-0.8193849110148309,-0.4753848731707091,-0.07168757940325182,-0.3803777998192826,-0.09759648489749738,-0.3780267209167744,-0.10510050701704292,-0.11704832300345931,-0.18594163445266934,"Contour_px222_center[11270, 4395].png"
-2.2443693258926265,1.841952227351336,1.3598830625803613,-0.7828568362286278,-1.6801059219935504,0.4675782083839884,-0.1984235768320092,1.1825803604391596,0.603879956315628,0.08507454937749043,"Contour_px223_center[8850, 4489].png"
-0.900918579740274,-1.7347030758598045,-0.1753364099617869,-0.12355055780115991,-0.1572260860329622,0.09328332696299087,0.6133585055137645,-0.1714938178763686,-0.5016393353284556,-0.32873026887264084,"Contour_px224_center[5588, 4409].png"
0.4658375072644496,0.634105493131223,-0.7649109500044774,-0.763214927530897,0.9010200289432775,-0.5892486973022325,0.4681397791105344,-0.37249058024735193,-0.29839208798334416,0.22008516063934405,"Contour_px225_center[7200, 4373].png"
-1.1806824694575169,1.4288878503850209,-0.4740942205799021,-1.0579882129310099,-0.8633630378108831,0.526404324516249,0.08670788172968771,0.5898389109590688,0.2145057676107647,-0.029966184188419627,"Contour_px226_center[14037, 4386].png"
1.4996681771834242,-2.2968682183367597,-2.0111172619164206,0.4313810168885298,0.6546617949700788,-0.5050450230041149,0.06840622435516001,0.8974214595855142,1.0125886247426097,-0.13154607349412578,"Contour_px227_center[2168, 4317].png"
1.6979649240273123,-0.663898219128335,-1.1349803942028553,-1.942519575976557,-0.026450400315186046,-0.12867539477917916,0.3545394321674152,0.3601405275265462,0.4901076584714405,0.47670688786140647,"Contour_px228_center[3247, 4307].png"
-1.7797346201861712,-0.2954374550614611,-0.13157435533002593,1.029324481975851,-0.6081354567774994,0.4567159971046286,-0.6821960068081686,0.3100055331638854,0.12960182133052597,-0.017583619531577315,"Contour_px229_center[837, 4312].png"
-0.5481477223373249,-0.6944229687948584,1.910463294713441,0.9101769993648916,2.32867861137753,0.563585182813044,-0.24654767870014757,0.531692476524832,-1.5003357139488722,0.3287235206300916,"Contour_px22_center[4437, 6533].png"
-2.58825970550767,0.2724094703279344,0.7122732304658684,0.23573672938445867,0.10695502669446122,0.13208240217097794,0.16969556255614565,0.1857635450773293,0.10172291351806916,-0.14167109146021903,"Contour_px230_center[12044, 4348].png"
-1.5397689035880349,-1.4229255903351246,-0.18564872103478897,0.6150592074878559,-0.5933415142208874,0.7818478974990346,0.9669160742440109,-0.05785516552588126,-1.0002795496044,-0.5773859882793776,"Contour_px231_center[4751, 4296].png"
-0.3972696607572829,1.4635567213761127,-0.8360785870122566,-1.2840644632721903,0.40951522280026553,0.7021956608491183,0.18917824588168114,0.24374533093605968,-0.28163929089792705,-0.23637551779853153,"Contour_px232_center[9560, 4316].png"
0.5212556245392856,0.9134961136799961,0.2708675422838654,-2.101853532864629,0.32196529687098446,-0.7850065999793796,-0.3588790911876011,0.14629439638699263,0.3612864959836608,-0.12693327931048645,"Contour_px233_center[2860, 4317].png"
-1.4382214107432028,-0.18026718762366944,-0.15079890700003962,-0.14130700305011942,0.28641867775170643,0.47991741505642005,0.023540814367697196,-0.481939460432346,-0.8690963741293172,0.3094619986125633,"Contour_px234_center[9264, 4279].png"
-4.42680690100612,0.9471257687330116,0.224474038184736,0.41589627737503876,0.4721975721918833,1.0208361950006168,0.4720547953398501,0.3414406123971944,0.3023378512458204,0.5380672259374379,"Contour_px235_center[6429, 4358].png"
-1.8624438718991714,-0.06455479169817757,1.311320986395778,-0.7311001399984852,0.7747593843212237,-0.20181814073839913,0.4080335143414779,-0.044475347624363816,-0.18593514812090856,0.039391301475911814,"Contour_px236_center[7910, 4330].png"
1.5925146608044802,3.334139320016937,1.7155238014385874,-0.42478956206278845,0.5374324861826903,0.17092794591566238,0.8449043377332017,-0.6922023778936909,0.282412613068108,-0.1588855520704131,"Contour_px238_center[8323, 4411].png"
-0.7505174865323113,0.4601990187798381,0.43536057820224006,-0.4350045374190219,0.39405320247362396,-0.49252404047702214,-0.1601784005794787,-0.340161753249916,0.05775362781171141,0.3986634227290503,"Contour_px239_center[4402, 4293].png"
-3.585270824524099,0.8474692497218859,0.5054973371059546,-1.126259925705625,-0.5448168661706468,0.7218303037167808,0.32379254871623725,0.713398320622611,0.7034657031648385,0.010831691819958526,"Contour_px23_center[7477, 6517].png"
5.308689973736794,0.6369874638926101,2.178880868662041,0.932425103083222,-0.5397028671870079,1.968132212821681,-0.6009046184472725,-1.4199912980268605,1.0652007127064893,-0.10339448612257858,"Contour_px240_center[11626, 4232].png"
-1.9623794851029488,0.7415250347396958,-1.133907078702101,0.5320680871457015,2.090966946421175,0.1879463168028557,0.47293817840744273,-0.3269870929318878,-0.4915167519351506,0.2576306209998889,"Contour_px241_center[10445, 4225].png"
0.5682672063512727,1.9040450294452553,0.11651915990555682,1.0707520316429022,0.5385941176196698,0.885241320320445,-0.8509400321910584,0.1944009670326465,0.8286687357633664,-0.38702132198857664,"Contour_px247_center[5386, 4182].png"
-0.25178227968003375,0.14275551501673753,-1.4273709282603595,-1.1712073622179802,-0.5708380087285443,0.02914879971328073,0.5822924225936145,-0.4618399134417645,-0.5568690535207023,-0.02752496521173727,"Contour_px24_center[541, 6444].png"
-1.5796449534006618,0.10306867395110947,-1.0689336538672465,1.175866437285744,0.5349730332293821,-0.027821257682296794,0.28662973337979286,-0.5377136771719055,-0.22942825649063997,-0.0021777082746236454,"Contour_px251_center[5709, 4130].png"
7.188577370286302,0.9043442147585138,-4.554300562209718,3.1593408615545284,-0.004207489767735035,-1.6053042895091474,2.8909849865062665,1.5986409022913495,1.9879876667196716,0.35060364774270214,"Contour_px252_center[2475, 4090].png"
-2.373469347797536,2.032081425822317,0.21499149309056054,-1.169241942889146,-0.4704413961907918,0.12948238921878158,0.4218535090369098,0.923885826566088,0.8427344767894454,-0.28471404588071364,"Contour_px253_center[12854, 4161].png"
4.627675060003847,0.7997191144715218,-1.1055363032658458,0.6492224961740597,-0.1335094281526723,-0.7745022067280288,0.5287486014931202,-1.1525809751358334,-0.044458252713524216,-0.0945838238672325,"Contour_px254_center[5061, 4102].png"
-1.4764970633189698,-0.30149058607278323,-0.18213901863176526,-0.6255898245188456,0.37234040365194004,-0.4469511611141314,0.16170615811029282,-0.21602348997634582,0.4208237578290435,-0.17351456955326838,"Contour_px255_center[5959, 4089].png"
6.124601937672928,1.621751999597354,3.792071963095694,0.37487713185262744,0.08883861870411498,3.065162128578153,-0.5542500735404302,-1.406479724352104,1.3898370026915623,-0.8671509674964273,"Contour_px256_center[1717, 4107].png"
0.7439190251983822,3.1077650369507013,1.4560822812365384,-0.4679582516671677,0.059974044095536846,-0.5762805538995148,0.0011255896854250641,0.7347318616465356,-0.11150264489270698,0.07924908751328816,"Contour_px257_center[13381, 4145].png"
-0.2978259246600994,1.117776747355351,-0.16304000216452477,-1.3139691503742086,-0.33659939066324385,-0.4764178148486161,-0.49684060480717407,0.15508386427828227,0.07466877266811776,0.22337119313071416,"Contour_px258_center[13967, 4059].png"
-3.1989161636843555,0.22377301480697148,-1.429676330967541,0.326012247447007,0.9386647376890705,1.3201935161302647,-0.9104318183431109,0.7308733160332006,0.6308064828034667,0.1168871022872113,"Contour_px259_center[2111, 4018].png"
-1.5467398641777277,0.3376917990124391,-0.5721388495256418,0.15436396018351758,-1.285453900232351,0.020493440765475605,0.07836228730115721,-0.33042773340508735,-0.1371938642455729,0.11909465952525129,"Contour_px25_center[8935, 6468].png"
0.624238982163228,-0.6095490232685311,-0.05664954636763572,0.29536684089748555,0.6220310858097119,-0.5543517002555028,-0.1606638237758256,0.20545301683160616,0.003086739657760983,0.20646435824214296,"Contour_px260_center[8940, 4030].png"
0.908665381098084,-2.7261051270275276,-0.9090057384521509,0.2382575125797165,-0.9303907379406311,-0.516044868897949,0.11342257289325505,0.32742398626696484,0.25462703152498234,-0.15029220623209494,"Contour_px261_center[7913, 3991].png"
-2.324270896659241,0.5082930612847357,-0.05623027901414039,-0.29782391882272663,-1.09390206502583,0.7486008754266114,-0.6622049174053791,0.4145655381276536,0.30243850616771784,0.3752822211859401,"Contour_px262_center[385, 4027].png"
-2.6486056783690497,0.986328588239262,-0.8431373537577564,0.16787692129547055,0.9661105061090138,0.5527191432527423,0.05461448628916976,0.5933606219681592,0.2729844763648096,-0.17797459423792225,"Contour_px264_center[2804, 3998].png"
1.3405676505032138,-0.48168180915198805,0.8795959352415752,1.0371052850311575,1.1555087410844,-1.0811041897114595,0.41374477399441223,0.13455253708526968,-0.3653601723459324,0.24801157935349782,"Contour_px265_center[8152, 3938].png"
-0.9785849760052345,-0.6257142008473766,-0.38512952934165007,0.07221843261054679,0.7773932522989837,0.8800536314624597,-0.9442948304191568,0.2719786954693194,-0.682801957948861,0.5986819313532319,"Contour_px266_center[10490, 3925].png"
1.9045216068412123,1.8794984527182292,1.0891556506218265,-2.08650325885865,0.17509400698406824,0.3919649537263074,-0.5074407888584869,0.7733600775809346,-1.2804091537404667,0.1471341780933509,"Contour_px267_center[11092, 3985].png"
3.7755023855735943,-0.5932403329652083,-0.12704522894993353,-0.5622553477268268,1.113643168445166,-0.5004660741416858,0.5049074194576625,-0.7913339636964837,-0.8304962797627508,0.171680087375978,"Contour_px268_center[5244, 3942].png"
0.4851447601400896,-0.005905355811242469,0.40902490011641457,-0.651199161489858,-0.972613791056511,-0.05643615990582075,-0.7197586221833253,0.5324039655189245,-0.28094176726848874,-0.01966105842462908,"Contour_px269_center[3877, 3949].png"
-0.05525771578473686,-1.778946344925735,1.9808539861039625,-0.057462836164197124,0.19107175126246123,-0.4958805932437285,-0.6065558025082823,-0.18425121505107306,-0.7545732117105803,0.12754581305277135,"Contour_px26_center[5770, 6409].png"
-1.531963239279024,-0.14172973332351968,0.12514227422355184,-0.1898143866877888,-0.9543766471213856,0.2509803471998142,0.09765700175866869,0.4552024534147252,-0.0660425621258844,-0.3178683376107825,"Contour_px270_center[9603, 3955].png"
2.5610683979908,-1.16508825824582,0.023352536256565384,-0.0355418165349258,1.2765492817701276,1.7702337234474543,0.9013073072327985,-1.2442121996423683,1.6608316455190009,0.17568705839440116,"Contour_px271_center[7654, 3870].png"
-0.63654882264582,1.6318651925950547,1.7081215913280972,-0.379816466524928,-0.45170175911475596,0.2736617568511125,0.3486039221824733,-0.6497971671325771,0.612118241187138,0.23756021292764892,"Contour_px272_center[6819, 4031].png"
-2.1676417408047337,-0.8371731911518934,-0.13579031603832142,-0.09338420363896362,-0.03456886712283043,0.46014141176319584,-0.19039469631829076,0.24611738419648685,0.008932663531548198,0.015741477893953568,"Contour_px273_center[6193, 3902].png"
1.0236202539506514,-2.0910514642412883,0.49457654092578157,0.5518469412908976,-1.405411227782783,-0.9463430688062259,-1.148325894175443,0.2970686187260889,0.4068007253156791,0.04232597077211076,"Contour_px275_center[828, 3858].png"
-1.3290873136214394,0.6876727280411316,0.8383136889827275,-0.4469838707169824,0.2153002879959434,-0.43224151580899256,0.48815117781525874,-0.164785564300117,-0.027251861326363366,0.28643907870705915,"Contour_px276_center[8464, 3921].png"
-0.5198369757558737,-1.415592252814779,1.706886200105549,-0.04910252335604365,-1.6327798145577592,0.4683149369221433,-1.3188930422430338,0.8019617656260881,-0.6531481793382221,0.04922062863858387,"Contour_px277_center[7264, 3879].png"
0.5997184034583448,1.4730011653063844,0.492610647471323,0.4862234936237892,-0.33707419794571686,-0.7771332168507562,-0.679825808016752,-0.0075997675941067945,0.025518058269356953,0.04756198499342701,"Contour_px278_center[10007, 3828].png"
-0.07257526747314594,-2.212863112821233,0.13690648325395413,0.01700081913196546,-0.750944800171142,-0.6546105417247935,0.014168699831683054,-0.5141601440108107,-0.2973163989583319,-0.03965012241017133,"Contour_px279_center[6492, 3784].png"
-1.862291497964966,0.10675871974958769,0.5664086140515814,-0.8274623099475402,-0.9624350881300229,-0.16838300506662546,-0.3812291937982404,0.053590599274406465,0.4012175343867967,0.31532466320847563,"Contour_px27_center[2222, 6460].png"
-2.2518142754412995,0.7680679055379254,0.5991889339046957,-0.22732772620183347,-0.7454050752310722,0.5183035516128283,0.012191867793907449,0.5084685991443559,0.14938001257400194,-0.016246274867809187,"Contour_px280_center[4240, 3876].png"
2.0459993242821586,-1.1589451041986074,-0.9134375365845052,-2.006701023444076,0.028126595302694044,-0.5263911042456468,0.3197045499720814,0.5677685573154602,-0.2340077890285202,0.03150908453854436,"Contour_px281_center[3657, 3779].png"
-1.1337285589417423,-0.6783450675863752,-1.6948785192804023,0.4687614818126962,1.6534919063414801,0.1086838031448121,-1.6160731400611776,-0.05644367225136509,0.08300839431216524,-0.09167617163594739,"Contour_px282_center[5410, 3775].png"
-0.8786977804652981,-1.6019256974587666,0.44016881456348256,2.173552223816451,0.888154389976906,0.5416138104312864,0.9032967017313096,-0.30332443994856334,-1.2723341033404596,-0.4387463481091173,"Contour_px283_center[5716, 3806].png"
0.8765573733945774,0.07257877859872565,-0.10687290484506602,-0.8855607986254175,0.24173642229160225,-0.6543686627146252,-0.42936154507274393,-0.15892924905633754,0.13486519661021945,-0.10392375126270381,"Contour_px284_center[1635, 3774].png"
-1.1966404976393055,-0.25076172756479015,-0.4566805375205194,0.4978637585352538,1.6663711614011383,-0.047006527070677304,-0.6250818679840269,-0.005336018444271964,0.0011457355106768473,-0.1373890561003903,"Contour_px285_center[5932, 3747].png"
-1.8754513882024868,0.09599052229384848,-0.181943894616944,-0.7288144044297352,-0.41104740542083223,0.24528940955936931,-0.4664753918746104,-0.17773386061112553,0.21934969273564198,0.08881598119233294,"Contour_px286_center[13901, 3778].png"
-1.148428790255215,2.6035246704703807,-0.3152250094558982,-1.238193601588562,-0.6402070596122624,0.024142495031359477,0.6377827378928652,0.4309958686635547,0.26695179903843147,-0.0643397718175389,"Contour_px287_center[10762, 3798].png"
-0.274263378406558,2.3255982711563505,1.1242538268623918,-0.7514054296147542,-0.2834507459215459,0.03610212983441143,-0.054722348024787384,0.94236726684162,-0.5903184838494488,0.19862097707804816,"Contour_px288_center[3238, 3864].png"
-2.740903808299197,-0.7610078579102502,-0.3975602718295388,0.32192145371134767,-0.5418570223389311,1.1484091581430795,-0.03878128372434313,-0.14064572029225839,-0.6616148891247374,0.31349232377650216,"Contour_px289_center[403, 3737].png"
-0.6574070033541083,-0.8088668963083268,0.22110172346278215,0.25351801617154557,0.3912675253436984,-0.3540277776033033,-0.862331655961096,-0.11170579571441765,-0.06643578060488231,0.4685774948174123,"Contour_px28_center[950, 6376].png"
-0.4590666761586586,-1.0108883539015074,0.12435208027011009,0.7119344813810756,0.5919034016856461,-0.7859094254372879,0.05926484401342131,-0.8903384799023271,-0.36956793419586775,0.1157483048020014,"Contour_px290_center[4756, 3725].png"
-2.5875958665478342,-0.7564512243208329,-0.6155145602665654,1.1344961341757827,0.39145084888222453,0.4441054643223322,-1.096871711453044,-0.1558597132334704,0.07756576010907855,0.4003646586574031,"Contour_px291_center[7046, 3686].png"
2.1504319653392763,0.37994156462491435,1.081836606890627,-0.14796672518371476,0.323974995576427,-0.2862001277045754,-0.7790775728573974,-0.5213929171913417,0.08546230847489192,0.03938710134417289,"Contour_px292_center[2748, 3667].png"
-0.7667963857640198,0.5528756852497309,0.6412263592930719,-0.8180760959814269,0.2687479524788625,-0.2933939112091204,-0.17568912180332136,-0.19834092769314146,-0.24259469498109593,0.26542828907453286,"Contour_px293_center[1203, 3745].png"
-0.13906073244489425,-4.544813264766744,-0.16045614673692787,1.1292149092433352,-2.6259956129737803,0.9438964672252333,0.5121321221895407,0.887029585225576,-0.44924698977026395,-0.15197865818406628,"Contour_px294_center[3905, 3651].png"
-2.4794479994392438,1.9278090049327286,-1.2880381428441865,0.4523848943885582,0.0069069947185077885,0.4024231950087022,0.17088173068533027,0.03291314558290426,0.13076741971342373,0.23855209809672778,"Contour_px295_center[11543, 3687].png"
-1.0484245490439992,0.23839772456249692,0.4244343822541302,-0.35772621041991093,1.5774549922193288,0.033657516682274256,-0.4778289957732144,0.7102023519321718,0.18286656372356921,-0.08499175410854672,"Contour_px296_center[11183, 3683].png"
-2.430979508737938,0.4658109628009642,0.6235350094324476,-1.305208631704367,0.17994441689043975,-0.39877021189913553,0.2730480856237428,-0.0526910528375707,0.6763397313274145,-0.012195425635186916,"Contour_px297_center[8021, 3700].png"
-0.17414368553615048,-0.2429892486962292,-0.36785252944470564,-0.8856752490058476,0.5870399611658678,-0.18734915901124466,-0.09196585214805952,-0.21451924940078249,0.022631352376977103,-0.2191358555076709,"Contour_px298_center[2026, 3654].png"
1.309362168360616,2.6759343767958974,0.396860051643862,-0.549503761454136,-1.2791845039107013,0.530677586709811,0.4481513411446758,-1.005315219409353,0.4634170473131845,-0.20496616638230583,"Contour_px299_center[9110, 3700].png"
-0.4836448447099854,1.107027977799648,1.043483516640802,-0.19026206011425545,0.9004786246965534,-1.0355569332938632,0.2973522938472283,-0.4920593231458785,-0.10366298095142193,0.10581881418917626,"Contour_px29_center[8398, 6451].png"
0.5160330445604804,0.9988875519354943,1.1035995781035002,0.6199560548296191,1.9947090373326595,-0.3780773688392772,0.8747347317986814,-0.10268374575390726,-0.5533680809341452,-0.1991261993585968,"Contour_px2_center[929, 7003].png"
-1.302445887412359,1.3513628085133347,-4.714343871186583,1.5976976474901652,1.3675174369370908,0.33316312886197674,-0.778568981126775,-0.5162153407665988,0.14947932481195716,0.24063442224599058,"Contour_px300_center[4488, 3602].png"
-1.8907143091243734,0.2250600787593071,0.24171351003079797,-0.36942165734343635,-0.2913506039074464,0.184410514908787,0.8151707469055747,-0.38333849455099706,-0.3072501645360472,0.08107276375691927,"Contour_px301_center[9564, 3629].png"
1.721989801360514,2.4185435396326493,0.08975751135269877,-0.15849778376014337,-0.32967735038371593,-0.011724994815123084,0.13183432632014755,-0.5544348886699048,0.530673007279288,-0.363854638554047,"Contour_px302_center[2383, 3662].png"
0.16150660734175498,-1.5241271951893371,-0.12076801296908811,0.14933995305597123,-0.5145434092058448,-0.5113917076280198,-0.43499663156153906,-0.14781835339210875,-0.21121344402396527,0.47195757201201866,"Contour_px303_center[5676, 3578].png"
1.1878233771714028,-0.4263084684347838,-1.3130059331980801,-0.008550323476495389,-0.7991181999497451,-0.7703079203361431,0.3950365526775348,-0.31670839439606846,-0.06525772453860769,-0.047808577973213216,"Contour_px304_center[4021, 3575].png"
1.0610123621642202,-1.303960963499963,0.2873716093507729,-0.052199919151675676,0.151168490550417,-1.5230091007539908,-0.1350036209606138,-0.6420970869957789,0.23841016424448427,-0.2668842262291937,"Contour_px305_center[7652, 3584].png"
-0.5631171566176241,0.8038749117207797,0.7012522571760447,-1.0013591983725916,-0.47667938661644826,-0.9445083502707504,-0.21237210819082689,-0.2370542154463914,0.30545166145341085,0.2506761140530924,"Contour_px306_center[13289, 3669].png"
1.006495417487988,1.3136122118907982,-1.2828893078983648,-0.03930803240579994,0.6781269641973633,-1.1539720317789475,-0.004307512299343237,-0.4124211827136959,-0.13860372196074033,-0.003427570309031614,"Contour_px307_center[4966, 3584].png"
3.37175482416617,1.7574834589786956,-2.293351719643091,0.6302728325296417,0.05645202335867286,-0.9129113497905502,0.3946874190949462,-0.7982055781002355,-1.012234119916276,0.4453672060269945,"Contour_px308_center[8337, 3560].png"
0.6759883939607694,-0.02535088897809134,-0.06422954549807511,0.6029666401818219,1.312649238008497,1.9479529134694373,-0.7481594750565106,-1.6056024957233024,1.7029642935942002,-0.15421230636110725,"Contour_px309_center[6488, 3543].png"
1.0704631365155473,-1.2072492563706856,-0.4434624766813154,0.8698135018635632,1.1510781339248555,-0.9776491166292348,0.3402420873871033,-0.5343558588827673,0.011749208773036009,-0.18682005486060207,"Contour_px30_center[1712, 6392].png"
0.4574282521284516,0.3164841376287451,-0.538350481298982,-1.201420341557882,-0.9020880308116072,-0.7810830720361985,0.07887185411171892,-0.1853684410304717,-0.04332219333155351,0.05900743859327411,"Contour_px310_center[6222, 3564].png"
-1.5828409091956839,-0.7713595223837973,-1.4254980336279575,0.7847072003105259,0.09134962988768036,0.8855078771484275,-1.09260386550603,0.10538092771860212,-0.20006572309084142,0.07511227423466381,"Contour_px311_center[2964, 3486].png"
-1.8915829285211718,0.4169936350647513,-0.3564970724992636,-0.38033578155193876,-0.5801214890059658,0.1659574710827548,-0.5948531029916747,0.1458420017280009,0.4366585550368005,0.28127602862191886,"Contour_px312_center[808, 3533].png"
0.22789704730497298,-0.13976093520713642,-0.5271475230922608,-0.50794094690797,1.0241844052660303,-0.2628540790587619,-1.070651939430566,0.5213787012005152,0.5313468498607727,0.22194080294346824,"Contour_px313_center[3549, 3514].png"
2.352428732736751,1.1099130436348916,2.2581037093397076,1.8076451249442882,-1.8753035901885888,1.3577510598528837,-0.1466268407763131,-1.7565189770940404,0.9445337612052946,-0.016667411765418708,"Contour_px314_center[10138, 3528].png"
-0.17055247982670801,-0.043108577606751866,-1.500745479552564,-0.15654663800036522,1.3293002162992467,0.3590659505118498,-0.7364379448785517,0.8465238604127957,-0.04754732374866053,-0.42687576972757907,"Contour_px315_center[6808, 3470].png"
-3.0330249002549308,-0.6310922077201019,-1.6520984050110537,2.3433054505598934,1.8594375915255725,1.7622869020233503,-1.1576124905290879,1.5457365932243994,0.125197358049731,-0.19019743383874826,"Contour_px316_center[11373, 3433].png"
-1.4184281455675118,-0.01308827166716941,-0.3950732289304975,-1.2080778483164512,-0.42858239465840897,-0.1843470063338597,-0.10964669976799983,-0.10790534318597976,0.305340055969779,0.10783233528593196,"Contour_px31_center[3977, 6396].png"
0.4828203340314552,0.7101944026469494,2.562683788354248,1.7962327202541581,-0.5873658247675678,-0.08707158345960335,-1.3042246059462823,0.19455430156928832,0.07156552402529283,0.19679449559498405,"Contour_px320_center[5326, 3504].png"
-0.20616871985399965,1.943345271565883,0.535751189085817,-1.1992254075739797,0.6692700614999029,-0.8796080493825096,0.30124933098667306,-0.29078829654596805,0.48526754567923475,0.06323876681672763,"Contour_px321_center[8633, 3484].png"
-0.3676360435643522,2.6174258211741677,-1.5769756551861935,-0.6517071211312495,0.7810976801606103,-0.19094930051829415,-0.16995612964293633,0.22181151524171727,0.11132561555806074,-0.09524000477801027,"Contour_px322_center[12450, 3438].png"
0.1398537041230181,2.7460839456585115,0.28517354519996585,-1.6048159373794655,-0.12407209117838636,-0.5351751378201784,1.0664998029118757,0.02634546163250777,0.732958500550168,-0.34603967132845476,"Contour_px323_center[3220, 3440].png"
-1.8298947223762347,-0.12724578867697853,-0.34431024447133846,-0.705807167291651,-0.9459718352655461,0.8085323044526429,-0.28325916592448735,0.17586605031146366,-0.15900495498030856,-0.03334629274324534,"Contour_px324_center[324, 3403].png"
-2.9415567634147997,1.6043385144362496,0.8472970730859702,0.37734366191132424,-0.33625766669748824,0.47203105108488397,1.379311132282711,-0.07547580281275347,-0.44077508620731914,0.09280758567007559,"Contour_px325_center[13853, 3455].png"
1.0390369721771222,-0.7432098248818124,-1.473312384958423,-0.9390219080941978,-0.5528135169563905,-0.42986293065896064,-1.3135719199429738,0.2794931415293177,0.5104509277562022,0.05242907422676654,"Contour_px326_center[1724, 3345].png"
-1.872679972492757,-0.13402857729203335,0.5170878573704012,0.2867048490882925,1.9619560397540303,-0.382384369481112,-0.19711074469985904,0.13178640658189333,0.1236849424308753,0.34913051365957776,"Contour_px327_center[1245, 3346].png"
-0.4494903870510674,-1.5644230735742206,-0.15848906219357375,-1.7914089113420777,-0.2144026267025717,-0.43631598903666585,0.010513791294253193,-0.6712007832308723,-0.3641373298739407,0.35476857109524845,"Contour_px328_center[3927, 3341].png"
-0.5683707896684101,0.5571964636921657,-0.3430676537121397,-1.0610235808594615,-0.15887036841322955,0.6019601560476593,0.16823050968207348,-1.7288915706621664,0.8853511046622188,0.2289528099712195,"Contour_px329_center[4680, 3362].png"
0.29841162255875536,-2.4702033600929143,-0.16865992104279767,-1.2895493932000308,-0.9011505794855111,0.8297749462270783,0.5120881563002165,-0.9205366860729669,0.975841640967882,-0.41310373660492494,"Contour_px32_center[9439, 6344].png"
7.073977281615143,5.56260024973711,-5.150250746120982,3.369064923154201,0.6015223910247893,0.4624193678722169,0.3257902589947651,0.2494056306078331,-1.028537432058334,-0.5530903206220258,"Contour_px330_center[8277, 3311].png"
0.9334375701428023,1.6096665938848593,0.9206310863973933,-0.1858601838328805,-0.3252529824561591,-0.6037866782147606,-0.2346600272772388,-0.007472755581206963,0.30257971141964524,0.012492782734192439,"Contour_px331_center[10885, 3406].png"
-0.37271887926316816,3.8033509735239583,1.093024921514135,1.577921297408984,-0.3128184849463699,-0.4800877604022306,0.8989473387847265,0.7978408266838235,-0.3309893447289156,-0.2145216417046165,"Contour_px332_center[7348, 3414].png"
-2.059928683979661,-0.9602319164831259,0.3042541996524752,0.8566936908054502,-1.1726043832585753,0.5912363189413665,0.6618732431386415,0.10077643938686025,-0.5467043707229572,-0.2008506271140988,"Contour_px333_center[2663, 3298].png"
-1.5406361825720765,-0.686327419895463,0.2655286763405904,0.40974494595682875,-0.45606510980648296,0.5000413835340644,-0.8865497183780172,-0.0758678555910611,-0.448539093011201,0.3669180284140577,"Contour_px334_center[9806, 3255].png"
-0.40213678133355757,-0.2606966175717975,0.12325160763906934,-0.7908210100430777,-1.0985452145798438,0.0884688256137933,-0.24079130536064533,-0.07398153840705438,-0.4558756102190003,-0.017911845912010223,"Contour_px335_center[6335, 3280].png"
0.5071255989053005,-0.2208193684374135,-0.10137209046531875,-1.9952499662552523,0.21543651648400222,-0.19311776920577925,0.3277431591034178,0.07823647640762539,-0.7337541979166347,0.2852388822808714,"Contour_px336_center[1913, 3257].png"
-1.2605413840810964,0.8076686877283721,-0.3126052932254673,-1.4385814274701216,-0.28179976216795255,0.12173050057183579,0.08159737626070104,-0.08768623007065456,0.13090190043561076,-0.0274672891822501,"Contour_px337_center[8037, 3255].png"
0.7529387920136922,-0.2779154197365526,0.015606612284235622,-1.6245700638595895,1.0268406873820548,-0.11618092747648824,-0.45367187685718846,-0.20644304799136637,-0.329504524254625,0.7633899788971928,"Contour_px338_center[5144, 3207].png"
4.245822099782426,-0.20058100253261457,-0.6195663033761853,1.0594259540575415,0.9398404841977616,-0.49394190952529826,2.432591518464042,0.9815608720501957,0.12142165725181686,0.5714799940685914,"Contour_px339_center[4931, 3241].png"
3.9066613666746375,-0.7137182401328321,1.3001265890509894,1.4337916869717287,-0.3092819704717111,1.185247979013096,-0.9834584245752317,-0.4469308768130502,1.06428702704062,-0.5200136465276538,"Contour_px33_center[6472, 6363].png"
-1.0049004778746915,-1.29775883137357,-0.6861639186659764,-0.09075379768567068,-0.8191037604221109,-0.04154123145896231,-0.7744754463066426,0.005540386977891985,0.1232756091469028,-0.0973740007170879,"Contour_px340_center[7669, 3222].png"
1.8273432879654927,-2.3566350999296026,1.4454557366595415,2.1792734790709805,-0.7447277262609076,-0.30846153017841044,0.04937568775828774,0.28568276731486275,0.3666542051093672,0.023343201856715342,"Contour_px341_center[5789, 3233].png"
-0.4721886610601252,-1.3177918354402198,-0.4681142107987752,-0.3499172181063803,-0.13084353299222604,0.09527388870860938,-0.289579545432579,0.5205307680333151,0.2193696032123637,0.007294578639021169,"Contour_px342_center[10670, 3207].png"
1.8562292105182698,-1.297186908711803,-1.3899794355048014,0.12354827432411646,-0.6008592485553302,-0.34397873185919253,0.2093519112104068,0.08787698614807182,-0.026322732772722277,-0.050852790196961366,"Contour_px343_center[6768, 3198].png"
-3.494603237680406,0.9979409047936615,-0.16340813121274178,0.18811095146996004,-0.8555408626452293,0.9927826603612413,0.4380439103485345,0.3791380865642851,0.06402809486650729,-0.04469427428547889,"Contour_px344_center[2258, 3240].png"
0.5177476029180869,-0.0465267733084987,0.9790004625453613,0.8305751631097238,0.6626168828688426,0.2607142017504693,-1.1529884189066744,0.566963744329651,-0.8208843996719605,0.056772219919817964,"Contour_px345_center[6051, 3165].png"
0.5331585102486012,-2.0655538047841158,-0.16271047715759565,0.3327158231773361,-0.5930455210853909,-0.3431972413113314,0.22519722702359896,-0.25971832786100063,-0.0283926965873269,-0.3458007223604523,"Contour_px346_center[6546, 3151].png"
0.4219955147003236,0.39155150251369647,0.2593788335475981,0.7051837453706565,0.17167651004252382,0.05438960851074866,0.27605098971031117,-0.3999873987158649,-0.547532237352036,-0.32794504177868816,"Contour_px347_center[3698, 3187].png"
-0.5355786808309273,-0.9588313657964335,-0.05792873177356406,-0.4326908724239849,-0.007995652839784186,-0.6444882149472873,-0.3962459551937841,-0.5695262797268553,0.12839341808994983,0.13270205971819432,"Contour_px348_center[2930, 3184].png"
-0.1981612934344104,1.3251477273292454,1.0398559153579483,-0.6658560014839026,1.1368160799003812,-0.8002417417086222,0.33423859670437045,0.03894663114603694,0.40585630272366546,-0.16409373458108711,"Contour_px349_center[9560, 3247].png"
3.960970802996524,-1.7552467472152204,2.2550379917354095,-0.15424091996555792,-0.2838924686604566,0.09884755989557453,-0.6789137348820196,-0.3854629368053591,1.4045627969009993,-0.5271909019971524,"Contour_px34_center[3687, 6340].png"
1.8304149048204283,-1.1431778475374772,2.1797538570711223,0.3095489679712703,-0.5313740244478456,-1.0067562485901655,-1.0355745127831253,0.6876318216648013,0.09867336027005631,-0.14760655908220788,"Contour_px350_center[4691, 3144].png"
0.3045571509390731,-2.125900574904257,0.43622357224633607,0.0753812639773658,0.2497144714336195,-0.7605175417205553,0.0006594777315893446,-0.016076458131068144,0.09725683406717478,0.2530748753044725,"Contour_px351_center[7061, 3165].png"
13.170085138988341,3.2012257584230177,4.594933941669749,-3.419915466273333,2.8208035565922973,6.743238880880571,-3.0247162298358874,0.8846688430865585,-1.8019531436455007,-0.17405982194843866,"Contour_px352_center[10340, 3192].png"
0.6475073860892866,-1.922046974021535,2.247866966392505,2.9529241434295614,-0.5125465295934439,-0.1687955925069526,-0.10672663047649614,-0.23657541240868954,0.40924109307762824,-0.4641113327246523,"Contour_px353_center[8445, 3105].png"
-0.9769119525263994,1.9022256473686256,1.1610950926651153,-1.5685498899068873,-0.7186276217687653,-0.7922252147610354,0.031206280859535453,0.056848352665360105,0.5431020022717079,0.21584781943568376,"Contour_px354_center[13406, 3202].png"
-1.1585402998492162,-2.348057313529084,-0.5955308449281635,-0.47708438400918146,0.6396422760072245,-0.3251708459138295,0.30706189186943367,-0.6256933499036532,-0.14048918759966258,-0.1807363970294982,"Contour_px355_center[773, 3070].png"
3.9601501342122116,1.8051389629785421,1.5715591748992286,1.8526699134129911,-0.19501945611744,0.13334691414166813,-1.2764097683750362,-0.19270932974907787,0.8069383179106879,-0.01530668135289114,"Contour_px356_center[2568, 3074].png"
4.995780771153696,-0.5977308524055809,0.08894804068944724,1.122226942683987,-1.1192054707289019,-0.08713576628325126,-0.4338272749529894,0.11443854864942153,-0.6600767003477516,0.4039705353839918,"Contour_px358_center[3229, 3050].png"
-0.458380985570597,0.22551180840143978,-0.417382232141216,0.7761503182467728,0.33925241499679554,0.43654946873836636,-0.2538191576444071,0.7446961548774879,-0.342450757287827,-0.032000436554290315,"Contour_px359_center[5441, 3055].png"
0.4272265343124868,-0.8245289536333428,-0.3567171241108307,-0.8329517894661143,0.1681118727307543,-0.2603409611257426,-0.5150374814630565,0.11764912642431725,-0.039537120158576924,-0.0657801814259081,"Contour_px35_center[11295, 6333].png"
-1.9569753345173149,-0.07205606661144931,1.3976493734650073,1.3307983620217958,0.5552353513012235,-0.2460063424047588,0.254990425254524,-0.08423690531896158,-0.0799128069818596,0.03930810874555264,"Contour_px360_center[11248, 3098].png"
0.33543260883231846,3.0286582464508562,1.3965759401810056,0.3642649917153626,-0.17228895801483568,0.541305173628917,0.4723620010702138,0.37493883128332617,-0.8305004474714341,0.3176991007817199,"Contour_px361_center[9200, 3153].png"
-1.073136748002711,1.214590492560333,0.9449372468667439,-0.02323158736514302,2.440599933564417,-0.4180237076202454,-0.23389379991744255,0.031179064848021194,0.17919706787571668,0.5466762456652812,"Contour_px362_center[8827, 3098].png"
0.9040023121922005,-0.9156391856323643,-1.2389816013395567,-0.8162183029740241,0.5672309436014243,-0.6816664657899407,-0.822587848125686,0.0027009889876509177,0.1307893754835995,-0.35017881092364617,"Contour_px363_center[360, 3021].png"
0.1727363721347803,-1.2461018583632135,1.2519884349566028,0.34770301641023377,0.9267810902764295,0.1444520182806655,0.018206868481262652,-0.12682619297264916,-0.8891147805596299,-0.40657272849225384,"Contour_px364_center[1174, 3046].png"
-1.1494723533778015,0.37106843982808246,-0.10515554247173901,0.2942642630885872,0.916535228766673,-0.7466866938506003,0.32249782067429145,-0.4659666092076722,0.3357693769534946,0.14571591506843054,"Contour_px365_center[7272, 2986].png"
-2.2251494374845695,0.10953912478529931,0.904584296575092,0.81403126243042,-0.9432560084686172,0.11764461701211865,-0.35441937541988694,-0.11431856506611425,-0.06615232907053677,0.46840592957905297,"Contour_px366_center[13976, 3038].png"
-0.4267986723871103,-2.6417315004959625,-1.0363881397012116,0.022039581457477336,-0.5907453524784626,0.25805712231742073,1.013007820513347,0.03532300717334341,-0.40154352350956657,-0.30024134227985555,"Contour_px367_center[7963, 2963].png"
-0.9641096614847788,0.8138151205419484,-0.1948263522154488,-0.8311203984316817,0.12621117777778124,-0.938230052855507,0.0494612439930882,-0.8506812940743643,0.3760882511517542,0.2917659182935335,"Contour_px368_center[6196, 3005].png"
1.7091202161626617,-0.3782965248814869,1.0561725747614472,-0.5977438401451944,-1.9281761180954518,-0.24231585496433655,-1.0286453467577348,0.6709869700503648,-0.12983918240367176,-0.03954370256554515,"Contour_px369_center[4377, 2997].png"
-1.660707774300908,-0.41762661006696483,0.2447410106780456,0.24119812206435923,0.34529893779049764,0.6216958157939735,-0.2541762790476057,-0.002747235509675331,-0.7033077364788509,0.28722733291352737,"Contour_px36_center[6836, 6341].png"
1.2446097547072215,1.2607077431840399,-3.4119243273687174,1.3238577196601475,0.06787069485404477,0.284884438485912,-1.1317618013491964,0.524616506145853,0.14634846977583607,0.22638748255909485,"Contour_px370_center[10875, 2944].png"
0.20751167560909078,0.02436118725006489,-0.2610770058645702,-1.6730782384193987,0.18662636172175473,0.29357052998615313,-0.14484329327191672,0.040193698039525466,-0.4419166935012915,-0.06778363776799708,"Contour_px371_center[3715, 2956].png"
-2.780527362025748,-1.3732283059129835,-1.4487377543439763,0.551958359926644,0.11830339429663361,1.534792088360696,-0.29152224732447,-0.18007914794794075,-0.5733548593410203,0.1901820791758135,"Contour_px372_center[6685, 2901].png"
1.9019094643946912,0.01480522144972653,-0.8056138841803239,-0.4366508091379091,-1.3118581870799404,-1.264134095077007,-0.3204147643440201,-1.0479728176038434,0.09786119955336285,-0.0014972880314417481,"Contour_px374_center[6472, 2870].png"
-0.6212001915670362,0.5559544775534309,0.8349179211674466,0.20094770052789354,-0.29147379698756687,-0.25717352021891116,-0.4432068801369776,0.35968651426731024,0.36759615321512895,0.16953681364616133,"Contour_px377_center[2974, 2867].png"
-0.38559568881128725,-0.9945773240874679,0.18154876233668613,0.14935226776859975,-0.08707095035836689,0.1955555301548869,0.2212923686051447,0.14115905801600834,0.19472785110996094,-0.6304434075366683,"Contour_px379_center[2284, 2845].png"
0.37619350834245213,1.9649005529740884,1.4527722242433416,-1.0090086956268287,0.40304892174701346,0.5136513305351234,0.32101437676321054,-0.27344484334477104,1.6250197858121664,-0.45435738477521115,"Contour_px37_center[9806, 6390].png"
0.7754719648920334,-2.464331635333426,1.6620502583757462,1.0929288567417257,-1.2787334193158255,-0.1698283828677533,-0.33932464829239156,0.06989327708785312,-0.8068276690292466,0.15744831870043538,"Contour_px381_center[9315, 2811].png"
2.3219350834166446,0.5463664339708749,2.0080180072635305,0.7452340280156695,-1.1170888454224683,-0.5842139522463642,-1.0148158149568398,0.1408257415328843,-1.0876244104931845,0.30704877506844075,"Contour_px382_center[5726, 2830].png"
0.8108320619603878,2.7165663239817475,-1.5966049201903816,1.513641126419634,-0.9265061042436552,0.5992153491589233,-0.002848260642200816,-0.5264606606251476,-0.07170203980377039,-0.26113551956655384,"Contour_px383_center[4080, 2825].png"
-0.5533524719154072,0.5759505039213156,-0.08188311757616543,0.22577193954767827,0.6922918348137456,-0.6868178324602207,0.2891086285854226,-0.4758658865689011,-0.4215743906495639,0.2552345549145214,"Contour_px384_center[9824, 2805].png"
-0.7110853278210035,-1.0341643421890847,-0.3109437535589263,-0.9779787997257456,-0.24044920038948617,-0.3759192876237157,-0.6804471917844005,0.431308369624155,0.7333904021024248,-0.3869983551501941,"Contour_px385_center[8903, 2787].png"
0.02303899535008397,0.8486458832947416,-1.5493443739908714,1.145301225737335,-0.5684216357763412,-0.40748721528633564,-1.1102014278786558,-0.1278974458789776,0.1951895733490961,0.116290562386568,"Contour_px386_center[7524, 2800].png"
-3.3541302818763175,0.6298095577289139,0.1940884579783613,0.37274673334244535,0.14696162734355878,0.8986001882262847,0.698079961648913,-0.03752552490103391,-0.3489401324615687,0.219487444740763,"Contour_px388_center[10630, 2851].png"
-1.3973255828762559,0.9326887663538126,0.45099209103619137,-1.3683466136416498,0.050986436255680986,0.1419615629391446,0.3834020856277921,0.279457598902297,-0.25888742689612665,0.2130144621226426,"Contour_px389_center[7069, 2826].png"
-0.12355322401547689,-0.03363317654714215,-0.36155110241251065,-1.245605976674791,-0.47479315786108384,0.6105462694361001,0.21959945221722474,-0.45092551691653693,-0.7655499481782565,0.23710948871134563,"Contour_px38_center[2811, 6337].png"
-0.13105926505186574,-3.289396772783718,-0.6160003854709678,0.44913787787266835,-0.873364336579859,0.7898174382491652,1.9206326821781732,0.009837091076964023,-1.3326980971167062,-0.2918009664670631,"Contour_px390_center[2586, 2751].png"
-0.30120120779959797,-1.240440070178039,2.465159819885884,0.36341189666863927,-1.3670614944812878,-1.049595816176035,-0.8168070768869583,0.22146090768567006,0.25897666284920684,0.2399415745059654,"Contour_px392_center[3343, 2802].png"
2.9372479954802757,1.0048395146867433,1.8570681561199696,-0.5482270781914884,1.7834671839343545,-0.444698379476843,0.49271008791471416,0.07544111002651327,-0.6575499699960818,0.013978551139076444,"Contour_px393_center[8475, 2737].png"
0.6025407786335716,-2.3551845322473195,-0.33694333688210193,-0.7663285090717604,-0.46450470089858414,0.12383820718966819,0.30033995103965594,0.140065915559994,-0.6797726926400086,-0.20709935692500428,"Contour_px394_center[5399, 2735].png"
1.0202219294401464,-1.36794060075888,-0.6594842905637619,-0.5383535661611882,1.0565270865087832,0.38679891442799536,-0.41863433242894554,0.8386293172680616,-1.132036213655471,-0.2666775710837128,"Contour_px395_center[1578, 2716].png"
-0.8639046795376576,-1.2102260677677843,-0.8098193644684295,0.5801771561148474,-0.11149486259856278,0.7385563956992526,-0.6319122668903813,0.756579197190065,-0.44201004707959624,-0.08552866111769289,"Contour_px396_center[10106, 2711].png"
0.07582992770555076,-0.10943431961059548,1.2867027538967768,0.4648474715490916,1.904156124636052,-0.20169986713345703,-0.568400587500047,0.607721996592924,-0.8276183094135817,0.009578684173394074,"Contour_px397_center[4537, 2725].png"
3.142130760130328,-0.02618660241697421,-2.560702581556914,2.2472660984072204,0.29089957641122377,0.2265057509061524,0.15704166158651572,0.430022509042058,-0.21562648575687932,-0.10287834460117729,"Contour_px398_center[2361, 2606].png"
-2.0511864194659326,-1.1566259912242516,0.9414174820665051,0.6351616562253476,-0.948135454494113,0.6115253833904624,0.7469987139372496,-0.002227441871782178,-0.7039738478778703,-0.296275134284033,"Contour_px399_center[1197, 2663].png"
1.3512109317381642,-1.1269452141401906,-1.282909722813995,0.7198511479908015,0.035413653989170915,0.17014353068403706,-0.2164277167565424,0.22814067804261096,-0.24192000014018997,0.46420329843438296,"Contour_px39_center[6051, 6292].png"
-1.5057263251874409,-0.03648241045833411,-0.15598725817043435,1.7727445210225021,1.195316906707661,0.0002822953912481474,-0.9164273598456957,-0.060517695712854376,0.5419703963263415,0.0319110949404347,"Contour_px3_center[1324, 6884].png"
0.9715423667767288,-1.2279598164308594,1.3498426388506104,1.2698219970812348,-1.0971718709521703,-0.3623375364479811,-1.198627471769809,0.10244371191445367,-0.4431310318438686,-0.3911378354255891,"Contour_px400_center[4233, 2631].png"
0.7904210767381435,0.4144037023716568,-0.45635005383501615,-1.7499406872667715,0.4737919510104802,0.40040551866296176,-0.44293682111919835,0.18181615421624134,-0.6477852860310959,-0.4575106104373833,"Contour_px401_center[6788, 2610].png"
4.708605684101224,-0.25585575770896113,0.8077042274613797,-0.9663953299649257,1.5235564845686531,2.5554807322055377,-0.5840682434765058,-1.174055817873448,-0.0011997773464024265,-0.3734135288954591,"Contour_px402_center[6338, 2591].png"
0.5965416399889324,-0.5629954306481422,-1.7130286973294777,0.3510787795023874,1.196146373098124,-0.6699954420710984,-0.3803727100438467,0.03863006483509155,0.10009919766477793,-0.6552877415007596,"Contour_px403_center[3116, 2576].png"
-1.1770470033306246,0.34942379586043093,0.013541633486339905,0.3256984578869929,0.1031287305744197,-0.561070580912365,0.33431383089778727,-0.309086346632326,0.14984908998502036,-0.0003789673755563286,"Contour_px404_center[7268, 2610].png"
-0.25309945138534856,-1.019274939113626,-0.7221165964817318,1.0318545785824729,1.420930181443849,0.265651674209731,-1.0892571904470145,0.5845477705796674,0.08897851596060848,0.5909557891427003,"Contour_px405_center[7685, 2577].png"
-2.6357017215433745,-0.6525599674295778,-0.7655031657501117,-0.5760429265460983,1.2760431637726288,0.1904054219934749,0.11122972542653661,-0.2857428294363451,0.24313087018917476,-0.026639650614738473,"Contour_px406_center[5995, 2571].png"
-4.102929876684532,0.19877753000552717,0.014109953821455908,-0.5110809571536764,-0.20838767282904722,1.2051314645847926,0.46600080983438447,-0.10057283418712908,-0.15001038610462958,0.48371210704379203,"Contour_px407_center[444, 2648].png"
-1.972493277570085,-1.0940306457352602,-0.3933264202202888,1.424504421684619,0.4134650447570163,0.9653620983789438,0.3723459725133354,0.016303719453923442,-0.7305895725492824,0.38405546439013405,"Contour_px408_center[6192, 2582].png"
0.15427312279570787,-1.0187689186423252,-0.3801927101916856,-1.0853730471921532,-0.08245524976188505,-0.6505298853520521,-0.37562253650855615,-0.6862865043504597,0.13759584523561816,-0.13182121601316624,"Contour_px409_center[3705, 2582].png"
-0.03277438511341086,-1.5503036274470061,-1.2352538534225117,0.3547130421957155,0.07930500979728859,0.27860502334662357,-1.1470808986320171,1.1634359608334055,0.583842815345466,-0.2644279095514116,"Contour_px40_center[7340, 6272].png"
0.6460798985415053,1.3742696999322115,0.5806518128228865,-1.7030322921257555,-0.03584114827096893,-0.08918219850319055,0.4560954194041095,-0.1719444025187042,-0.2965371804280367,0.08799518959557728,"Contour_px410_center[795, 2628].png"
0.05361796030257857,0.006365240584608762,0.652977771046671,-1.4058415216134363,0.544480115053418,-0.17642320847574128,-0.18539905968850892,-0.42613688572903446,0.021595234421560187,0.40591592721299286,"Contour_px411_center[4823, 2561].png"
-0.3385343331711498,1.9706247290536039,3.235727581728713,-0.49281495037783596,0.27470029967410753,-1.037541637062872,-0.12348974020953343,1.2623131154528486,0.8949493191310095,-0.2364399601408898,"Contour_px412_center[8071, 2710].png"
0.9160067010336375,-2.0417791932450795,-0.9086500358285009,-1.1267148374780684,0.803944105819752,-0.5510424122420048,0.4191287322945773,0.5984717430798687,0.27054113086110215,-0.2143867929552618,"Contour_px415_center[3336, 2504].png"
-2.2439854333907165,-1.8503595906218233,0.24027114313832215,0.6034774132249318,-1.0688001152539364,0.7488636143691558,0.3868336793036862,-0.2499551390088624,-0.7007199493461702,-0.19400932689412376,"Contour_px416_center[10538, 2516].png"
0.8081909209100895,-1.3990354634333326,-0.5224672582253449,-1.1385587768520669,-0.17762916899665718,-0.5115535799288882,0.2865700611443848,-0.4491164701348035,-0.15953175163577374,-0.8113269037478484,"Contour_px417_center[5241, 2497].png"
-0.8326838733222255,-0.6712352357695331,-0.5959262690181775,-1.6078459659905182,-0.14712714210798203,-0.05495268101956729,-0.30720548516932406,0.23247484622937464,0.3481887299137048,-0.3332861934690755,"Contour_px418_center[6502, 2476].png"
-4.586210295777693,0.11620035662658888,-0.02856894483311199,-0.2931441402762308,0.35594305185322694,1.1061858528717823,0.5376140554723222,-0.26343098051028324,-0.04632221781673783,0.6341242233321887,"Contour_px419_center[8608, 2511].png"
1.959661173093762,0.36154721683811486,1.8206491811120442,1.4821415688655557,1.0681281358363706,-0.5216791622489587,-0.14673054810833774,-0.320308277955487,0.2799841177570681,0.15679672526567745,"Contour_px41_center[10912, 6336].png"
-4.662296135052479,1.1590040518134872,0.6581410354314623,-0.873647682186773,-0.4691971297675648,1.3106885780461794,0.9771252702374543,1.0237067030393905,0.7317668130350444,-0.37835230947653187,"Contour_px420_center[11052, 2532].png"
1.5506941765029683,0.6415961396731958,-2.3107933664802682,2.175869153209723,0.2392801441859586,-0.6606652852708915,-0.23911654690117967,-0.9374365826343481,-0.407561218949323,0.3045747105887097,"Contour_px421_center[5465, 2480].png"
-1.4652045239206513,-1.4892806383578385,-0.526095793225796,-0.3337062269192769,-0.5135443764245335,0.7386291107848041,0.4548157377027548,0.34249730482467927,-0.14565967029053584,-0.7454676677179617,"Contour_px422_center[4034, 2468].png"
-0.860922897020102,0.42279575771778555,0.45041060760094587,0.27739530549278285,-0.13683851700512525,-0.194018666027353,-0.08130232934259625,0.20874194597996945,0.33656014624432756,-0.2440965178796259,"Contour_px423_center[2719, 2490].png"
-1.3107575342930309,1.2376308419909696,-0.14721840570949418,-1.373202945048102,-0.624327548568723,-0.3170234892583726,0.11392854447126365,-0.013609532171416092,0.557611575724475,-0.3039748435483928,"Contour_px424_center[9318, 2511].png"
0.7935251756196835,-1.2421589429255853,-0.3919682095830459,-1.445089822221727,0.07922842907904228,0.19833739522166458,0.2948598579420063,0.7671460891851013,-0.32631345642921644,-0.37967975230672296,"Contour_px425_center[4559, 2451].png"
3.6644722063576447,-1.4346264200333296,1.0761243122199589,-0.11618876684058183,-1.1253443608803395,0.30232474813028726,-0.7171968853871853,0.5471748853189232,-1.0091270682102416,0.14733989536196435,"Contour_px426_center[5752, 2454].png"
-3.5648037396262806,-0.5469359841199828,0.7198198200789784,0.4015900251298907,-0.33226104016899516,0.8213926703213208,0.1789002445364196,-0.11819346013836862,-0.31945311041922275,0.2499432275577242,"Contour_px427_center[8922, 2473].png"
-1.2790995425266454,-1.260250241248305,-0.14525183611852607,0.8394992694684043,0.5784269708522195,-0.07863299776829687,-0.6602619808593484,0.038215150612167764,0.08889964264346226,0.1235108799397862,"Contour_px428_center[6184, 2411].png"
-0.42364482485071164,-1.457916345863579,-0.382350411356368,0.038556158918789,-0.3104678461010177,-0.012012251571478977,0.21274463764796173,0.03263752342257704,-0.06553587979475357,-0.014715291430908215,"Contour_px429_center[4305, 2417].png"
-2.180868022985827,-0.4987377061081734,1.2258096676728294,0.9912503206423154,0.539839515195351,0.3989407181190571,1.1995500116331645,-0.803924924329218,-1.1530736427566561,0.06908819023459524,"Contour_px42_center[10324, 6303].png"
-1.7094166456526205,-0.747589615269689,-1.3812070712380804,-0.4906190347623489,-0.7800138808206555,0.5008727542096166,-0.48242841505859146,0.11067481353015836,0.41895056878666115,-0.14055876448924645,"Contour_px430_center[1618, 2400].png"
-0.7330109423740637,-1.635317129420838,-1.6982936000386653,-0.7959545435320059,1.025804280110043,-0.1094397159134841,-0.7523966367864119,-0.07307194041342331,0.35416346836958185,0.28220105588188604,"Contour_px431_center[3766, 2372].png"
0.6866018138085953,-0.26740511654288684,0.350154389335989,-1.3485817828031703,-0.26667216378751635,-0.7671632089090104,-0.21068491025974384,0.13667588526272273,0.145318217292434,-0.30004011963345195,"Contour_px432_center[9734, 2385].png"
1.0641673384603845,-0.9888223280423665,-2.686125497713182,0.3026263536365613,1.091287816130262,0.15650088278701224,-0.9677836791433732,1.4096389341895985,0.31512832780553773,-0.46715607919359114,"Contour_px433_center[872, 2305].png"
-0.8185477467757573,-1.479589961023079,-1.0351858446346818,0.981106784264954,-0.8736760811927207,0.753139008293349,1.0916154437637586,-0.255225922063947,-1.1395977924150038,-0.5494731720610346,"Contour_px434_center[1203, 2303].png"
-0.5080282069972129,-0.4793108949165371,-1.1774488511955141,-1.386419040739356,0.19535872965460155,-0.3094742425178253,-0.32378779586681355,-0.26403541561674465,0.04777486679511107,-0.2856071641627853,"Contour_px435_center[5254, 2279].png"
0.3066941533059452,-0.5647118861453593,0.06594888090168335,-0.13959567773303677,0.2810619444587177,-1.193403052543305,-0.47400115051733477,-0.46738572833458963,0.2408403012721335,-0.014133446724068046,"Contour_px436_center[7210, 2282].png"
3.5932366047807456,-1.7623192911894934,-1.3632063100292058,-1.4888491871094558,0.252765063281793,0.38471226142115766,1.047230193167265,0.602783769499703,-0.3326390593236469,0.042115604104950716,"Contour_px437_center[11858, 2262].png"
0.6871762404704208,1.8809877249047977,-3.1872398386344845,1.021472557447222,-0.320869017253816,-0.8136902632338634,-0.4775557636266579,-0.3440264908995511,0.370295905044428,-0.08467175686012594,"Contour_px438_center[6119, 2239].png"
-1.2434526541800057,-1.2904831111993544,0.004819662308303804,-0.24056123387188635,-0.05400317308560582,-0.3873172889014121,-0.27553037568376626,-0.3980644826389346,0.08326947081761005,-0.04596501592073485,"Contour_px439_center[7791, 2236].png"
-0.20411468114636624,-0.6081880635796014,0.573779061826852,1.090615268791015,1.3710049876144772,-0.6573403259370811,0.19011013749273006,0.5728344136785531,0.5620567466013575,-0.4698787416246998,"Contour_px43_center[8637, 6268].png"
0.5173916413490619,-0.8092098709886497,-0.5776738765187385,0.917954769460247,-0.5915798559556918,-0.10364467785373979,-0.43477530221625527,-0.3370486215167316,-0.7445427153250965,0.5392643929877134,"Contour_px440_center[3006, 2222].png"
0.9009605358952638,2.3858730965851147,2.8515831397435787,2.177918585579665,-1.770973549284096,-0.23095406573217786,-0.201612786078254,-0.27419973197370334,-0.15471312771676868,0.4339556605327312,"Contour_px441_center[6822, 2336].png"
-1.6085187199910018,-0.397067321590683,0.5327205258386936,1.0597734715147518,0.8380881352932964,-0.10625655774141546,0.4998042277110216,-0.4630320113967379,-0.23593614817067296,-0.10174930713204268,"Contour_px442_center[8387, 2253].png"
-1.6989724903377295,2.884608145787426,-1.9288802093270438,1.6175275510374183,-1.0794435797091846,0.846941783906874,0.31793645643245405,0.21593949717460953,-0.40021487858456434,0.1430816612952169,"Contour_px443_center[8097, 2219].png"
0.7576999016971218,1.1589302758872773,0.7508472674143956,-0.5889986489700276,-0.8892062789141654,-0.749917543219224,-0.36142194853043147,0.5782467379944599,-0.259975283140557,-0.3014792045214629,"Contour_px444_center[4939, 2251].png"
0.7109608741171165,-1.893354916324489,-0.9543788504833624,-1.3276166284651325,-0.6318463996065383,-0.038279564486040286,-0.12963671817319644,-0.02522674191317279,-0.16074676144143268,-0.6109302269143617,"Contour_px445_center[10999, 2203].png"
4.580874632396188,3.264349401174869,-0.5684458210592311,0.6503447908323482,-0.3097796895069971,0.6785222725031157,1.113381226641583,-0.8169181791136002,0.5288535567900109,-0.0628024797601458,"Contour_px446_center[7473, 2196].png"
6.700564846463132,2.288774307623408,-0.4448179408573933,-0.38902437109704757,0.7755141195036793,0.24858256392161482,0.9062326285292145,-0.08600340179813101,-1.2679673590520417,0.3510784477664193,"Contour_px447_center[5738, 2234].png"
-2.2019623062069416,2.688845422358324,0.1923596892137326,2.057665841707484,-0.5476442974456928,0.2402533455943522,0.6671987658280847,-0.12309922638994315,-0.3561216750313585,0.4741561161805772,"Contour_px448_center[12563, 2346].png"
1.2182593161215796,-0.36459845454534023,0.6903105633347502,1.0420685234470843,2.6911317155855516,-0.8439661315835798,0.5221027887946333,0.83545342987142,0.2040256735562706,-0.773036974216113,"Contour_px449_center[11376, 2207].png"
1.7267084764344416,2.4778156643749467,0.4672152205431553,-0.6439271385287969,0.14722388594880217,-0.8556052372523143,-0.0899655265424084,0.1494415299459662,0.30049921728262113,0.04143002442177299,"Contour_px44_center[4795, 6303].png"
3.008112379086599,-1.0323203262264637,1.4430915922316085,1.0154028281640597,-0.4860625069851307,-0.941939729132877,-1.0950351915391636,-0.5763362744483513,0.808509417161805,0.05025844935166019,"Contour_px450_center[10684, 2208].png"
3.5505675757505837,-2.23944919347064,0.7445955065883679,-0.7372302542468201,-1.4864264566369743,-1.054382976247314,-0.5444117450805517,0.1854460735017079,0.056462682621292316,0.1547014367357641,"Contour_px451_center[3788, 2183].png"
-0.6411416797009537,1.3057465838909226,1.3159053469845372,-1.3682317814922709,0.5868220373065324,-0.4483642780169196,0.5022514611736302,0.10093592753604745,0.2144251206207632,-0.0467506479012891,"Contour_px452_center[10183, 2280].png"
-2.5085978032133665,-0.629760150855232,0.7480668005270814,-0.5077437842052216,-0.46596783688206717,0.28583530945307856,0.3116275719483192,0.10754211416201734,0.030386687993982527,-0.34516566304556245,"Contour_px454_center[8693, 2172].png"
-1.2075915461504736,-0.7195352414599944,0.49077611192139015,0.09813664372501657,-0.3056613899131811,-0.21543198374211264,0.027910761889704417,-0.0741706218051719,0.1853063238004408,-0.3103258491765092,"Contour_px455_center[9246, 2147].png"
0.12204762629899989,-0.8238369104201314,-0.8556020725752234,0.3036087552575365,0.624500080112583,0.16239973971996335,-0.48521064619168236,0.23030590889929278,-0.556104682729454,-0.042433265445055574,"Contour_px456_center[1743, 2117].png"
-3.0339989801007494,-0.20394249904326103,-0.06909531793190711,-0.019143562173618837,-0.400731683190969,0.932769655245631,0.7943679820961514,-0.18040981757918237,-0.5368480989063104,-0.12129410265071013,"Contour_px457_center[362, 2127].png"
1.8883680344487173,-0.07132164140552585,-0.03259879379514202,-1.9607549019275117,0.019616547924911836,0.862735930989409,0.48802738333853796,0.06443054744412764,-0.5944174479496886,-0.12486455674874557,"Contour_px459_center[4085, 2081].png"
8.515118558744563,1.2218297141918102,-0.6528279525562497,0.6114919647258428,-1.1496112280618926,-0.3306564194935653,-0.1262329631713066,1.3664763836018063,-1.3296583729611067,0.7432153318048786,"Contour_px45_center[3336, 6283].png"
4.005620452820935,3.177836489696908,1.87075324188003,2.080901791607568,-0.994415208209482,0.40708224558604394,-0.7571325103063511,-0.28353205299989453,0.2839265376228789,0.1582989850639484,"Contour_px460_center[2317, 2156].png"
-0.6701824781121888,-0.46130401395097415,2.002540021511653,2.4249890797114255,-1.2234478728152203,-0.46123294540463095,-0.9090812930631422,-0.19733527139899948,-0.3671084748873154,0.2559979225079173,"Contour_px461_center[13596, 2139].png"
1.9654573692621968,0.4599936648832995,1.0145625616118603,0.04893402753066191,1.7272390723387565,-0.7478961007510173,0.6471414251550076,-0.6271018881836697,0.4178724549187651,0.00034643917818653734,"Contour_px462_center[3436, 2108].png"
2.139473033171557,-3.4798330268990476,1.7484150604358624,0.8246952148852984,-0.4914399132776697,-1.7287056749717031,0.006171032517857494,1.0365293304256729,0.7836290350313105,-0.7359220327062638,"Contour_px463_center[7141, 2034].png"
1.060986850936404,-0.9083116526969683,-1.3004917007510373,-0.6243818614082173,-0.2837993941079195,0.3896661303673873,0.0694411023972969,0.9034720084105716,-0.05386146527050426,-0.3469163462996408,"Contour_px464_center[8970, 2039].png"
0.5095158903375397,-1.0352476633956724,-0.03772551174407989,-0.9185237824120445,-1.0888387956136485,-0.14201418958545442,-0.26695295831903276,0.69723069046602,-0.10426966703631141,-0.16041196334096303,"Contour_px465_center[5482, 2035].png"
-1.9093259159799114,-1.3715036393046454,-0.4857667593667749,-0.466323614831731,-0.2965279658372819,0.337502842017008,0.1030052038741165,-0.5869841123443077,-0.4570578889274193,-0.08994161159052647,"Contour_px466_center[2678, 2038].png"
1.2148400516726914,-0.962352072595155,2.2196871644752925,0.5733663494842504,-0.8492423699789469,-1.173299589905148,-0.9257769203828004,0.33296871712804765,0.0641188159481454,0.1895212920262956,"Contour_px467_center[4778, 2047].png"
1.6164430784512813,0.7397005722408989,-0.20322097822396537,-1.406135559046124,-0.11488529350751762,-0.19563736075705224,0.192662206797785,-0.19694147102213938,-0.5350522406072302,-0.24098140460140188,"Contour_px468_center[9689, 2030].png"
-0.3914313288399021,-1.2773996476411729,1.1111036244384969,0.0314304913502401,0.17023770198861718,-0.8289027035727616,0.36255211391816733,-0.6017507947620765,-0.44128268121479963,0.10240648198555308,"Contour_px469_center[4376, 2056].png"
-3.8943419878151895,0.8558994969941028,0.19789695578409278,-0.6480467371313782,-1.0900711028365608,1.2552511109539493,0.36072063697002943,0.3574286978553716,0.114129698377319,0.36656215473390774,"Contour_px46_center[11572, 6299].png"
-1.2396803497599278,-0.5747401721134391,-1.9303684662529024,0.31754110821311227,0.1947606276360874,0.792245862704832,-0.6675464635814585,0.10207302112329655,-0.18285337217704245,0.15322946716819152,"Contour_px471_center[9443, 1968].png"
0.3133781535665327,-1.121964923648521,-0.4056997740251758,-0.3392088325046334,0.14639479240173128,-0.5771921632873359,0.17133507828573835,-0.14143488092212347,0.03154679616855386,-0.36866388408344825,"Contour_px472_center[2020, 1965].png"
-0.9080822344425898,-1.5449274690669292,-2.103092363357189,0.27536241798758987,-0.07347456534601995,0.3713802302254587,-0.7611346274706667,0.39774893633163516,0.533959327726319,-0.20412228111768163,"Contour_px473_center[10204, 1955].png"
2.406526337307766,-2.971097835011342,1.30724715459942,0.10232507490671791,-0.6725346359984704,-0.5326156449582097,-0.722538254483597,1.0458077232063439,-0.6934019085751918,-0.299734161944214,"Contour_px474_center[5247, 1943].png"
-0.13158895692639608,-0.5722826384398317,-0.9214921046480657,-0.8703917540272439,-0.19560824371851795,0.39974262556694123,0.018699757146500885,0.3122050445659936,-0.29776454384205175,-0.4880225963008028,"Contour_px475_center[10551, 1951].png"
-1.9654043140253625,0.5361385459065017,-0.7677012163441214,-1.349469002397871,0.7493980388925562,-0.11477311859627605,-0.6933077581823115,-0.04736153057239163,0.8376744921580428,0.20448357906600484,"Contour_px476_center[5823, 1980].png"
-1.868376808963519,1.6588867189688898,-0.06662862562118238,0.38467664302117627,-0.8490831134430897,0.00015884416831741008,0.1571392666047387,-0.10793936994264215,-0.1043961442151517,0.3568028177026726,"Contour_px477_center[824, 1990].png"
-0.5969976834063767,-1.3919382118449308,0.15707514327534813,0.2555522059764324,-0.580025084094998,0.20415469974923336,-0.3815076273981652,0.30382671877869405,-0.1801298777545931,-0.06657199110537994,"Contour_px478_center[6066, 1917].png"
0.005055948176833109,0.4022711085216351,0.2148929248204372,-2.042628884662706,-0.4831530785438888,-0.6606879647047011,-0.24733345849587318,-0.21194523645412663,0.202955620117626,0.2679890074338617,"Contour_px479_center[6865, 1955].png"
-2.7691101433698804,0.8822144828298655,0.6274788420554096,0.4002057127170051,-0.07612047263463612,0.6363138698223331,-0.8487416216597865,1.1440156211711967,0.8135406453646268,0.2568452383924866,"Contour_px47_center[5100, 6254].png"
-2.2501454696377783,0.7277681962029579,1.331111615751487,0.32623834773053667,0.1165029045676081,-0.37924062507535133,0.1485807234523254,0.16177562980078106,0.30756765378804113,0.112565766925198,"Contour_px480_center[1281, 1965].png"
-2.6049870655376695,-1.3151338206300835,-3.852200382058883,1.1473640622800931,2.655320169721826,1.2950680516640605,-1.4595504196539955,0.7244498310903994,0.5962179529377518,-0.19801894227576225,"Contour_px481_center[7234, 1827].png"
-1.146504513383427,-1.3736647729431615,0.7582708557978891,-0.1400697258417879,-0.24075654167408458,-0.3990005435885315,-0.005005736306798393,0.02105244991312215,0.07948672144567208,-0.3810339135178804,"Contour_px482_center[4464, 1859].png"
2.8536414992669394,-1.4595892968410573,2.4756295234823993,1.9243427396654693,-0.03385402102134564,-1.1708342514426733,-0.0628959846501058,0.2830493734807889,0.4241064877985866,-0.3670436958759348,"Contour_px483_center[3988, 1845].png"
-2.539576485403936,0.31323831155580084,0.08968403225557173,-0.6387101329236367,-0.20354872991124992,0.7655822181253865,0.43505496938593596,0.7287785187476464,0.1468652554630356,-0.48802462373531014,"Contour_px484_center[12601, 1851].png"
-2.5955831936421987,0.8719491538936427,0.4415347430150458,-0.08781010262145218,0.10269745529201924,0.38208632876615745,0.4125241700864785,0.5105953606708086,0.33216303336261516,-0.22952082629382087,"Contour_px485_center[3056, 1855].png"
-2.284855540089615,0.44624246980849974,-0.36106761832740397,1.6911079846305173,0.9211543509808986,0.4111549403826627,0.7287668986100772,-0.7726702333165392,-1.1624275392396468,0.3281473337780787,"Contour_px486_center[10994, 1863].png"
0.4393576309477641,-0.617917126076546,0.7072361460185264,0.5736536551157443,0.5635170912616537,-0.8932275311273146,0.6205741194476561,-0.2205597964862086,-0.1863021197303723,-0.09109159440014519,"Contour_px487_center[5052, 1794].png"
0.7981005322935171,-0.11385760490384625,0.5019409550527093,-1.1909088310712597,-1.0165463629346647,-0.7814437208993502,-0.34047051003887774,-2.2128636789405164e-05,0.1479482680405571,0.23429113791369066,"Contour_px488_center[8420, 1802].png"
-1.1075967796225679,-0.16698891214891762,0.18560086299622022,-0.584507990935988,-0.21635147602679475,-0.13439480612565058,-0.09905829281676748,0.18634250090171417,-0.0613950483398008,-0.06874150884460763,"Contour_px489_center[8717, 1780].png"
3.6588262927873454,-1.4194172228934705,1.3013724839421297,1.2246463191720232,-0.39089492441983786,-0.41149305636210864,-0.3281451766498208,0.6129789822252463,0.24505093094253652,0.2533315308796765,"Contour_px48_center[7125, 6246].png"
-2.1003708709041726,-0.22184616288259668,-0.3117220127167311,0.4079570252747031,0.6087690634695295,0.5604456261859668,-0.2143084214417395,0.2275031647176774,-0.12220209242496263,0.40683847613743496,"Contour_px490_center[1644, 1760].png"
-2.778139507042,0.8906228308300966,0.6755889136528567,0.4444724153205325,0.28288013865765427,0.23647211300723184,0.3126633296582982,0.4482696857870368,0.3439699618883912,-0.1449364081671047,"Contour_px491_center[11494, 1802].png"
-1.5216029889791312,-1.9784932810255902,0.7617842500937851,0.682621374033936,-1.4987579918187584,0.8306295011585874,0.25297154575496783,-0.20467102533721832,-0.8294808449101494,0.0650019649529439,"Contour_px492_center[9792, 1720].png"
-0.5608047295925075,0.965011423984803,1.8795496727336982,0.0915190268539296,0.04147510553877236,-0.9933842897856527,0.16933484604620652,-0.12780405180635057,0.25881295328939014,0.07045218157084276,"Contour_px493_center[6511, 1814].png"
1.33176226523301,-0.07215772092141588,0.6689938559747286,-0.8869082532192187,-0.8637899222649967,0.08521385293025335,-0.5087018388611998,0.06526462382682054,-0.05491056208554105,-0.183595027637982,"Contour_px495_center[5593, 1728].png"
0.13721732599661818,0.7891843849848306,-0.957042330491304,0.237506338891409,-0.5365211589494461,0.14219947333534935,0.4755234695307167,-1.1235044822075457,-0.6428278608949466,-0.24964090516525603,"Contour_px496_center[203, 1693].png"
-1.7257006116271194,0.43129481799437125,-3.683047174175788,1.4046481736223222,1.0152397060855787,1.1936867614171187,-1.5403241862314079,0.2048662455661282,0.050759795165194535,0.4897762689057606,"Contour_px497_center[4820, 1661].png"
-1.054279165888031,-0.2759202943900853,-1.0485289678024885,-0.22359240718864154,0.36390743665104175,0.5538953540728735,0.36534304785725846,-0.3172097974866744,-0.7431089826255046,0.04312476934162217,"Contour_px498_center[3813, 1689].png"
0.8716087454352461,-4.712202205314429,-3.1321275022684794,0.03707676776061099,-0.45121256327360415,0.729125510878203,1.79115365117224,1.9628614646384863,0.7961203209225282,-1.0327726977292473,"Contour_px49_center[6756, 6163].png"
-1.653653380264276,-0.14250513685781155,0.21198129958029518,-0.31961083324075557,-0.8490742937937991,-0.009281937494433574,0.2148855760653346,-0.18893281887918242,-0.17420087550748156,-0.12908534140384018,"Contour_px4_center[2182, 6900].png"
-0.05578331695867846,-0.8266594742695679,-0.15839545184791456,-0.12500578716227595,-0.5557549651877168,0.025308249863342628,0.11411454541179832,-0.3047114709187564,-0.3749563075152004,-0.48902182788230797,"Contour_px500_center[5836, 1662].png"
-0.8057543788581937,-0.7984121302085766,-1.887245466265252,-0.6615134050047479,0.401177573058346,-0.27016419904393985,0.25318876422948106,-0.8311894276658667,-0.053372532169519135,-0.03312206434721858,"Contour_px503_center[6467, 1565].png"
3.924832749454854,-1.1393547332770566,-1.1999412885622314,-1.1331417918483178,0.17195347589408116,-0.06380155102318036,1.001692329847382,1.4767769807421358,-0.3350090553939991,0.6662083273508344,"Contour_px504_center[11993, 1553].png"
-0.3520321497709089,1.2221014193704804,-0.6085081055982369,-0.5293833397518259,-0.9216192373335995,-0.21149494390078863,-0.5192313139179032,-0.24042616354822943,0.014390867439735848,0.15273391316121832,"Contour_px505_center[10181, 1623].png"
0.11686033154419319,-0.1311497453146141,0.6363437501165226,-0.15944740940240118,0.05215978644646682,-0.31609889230258087,0.4238145173702176,-0.7627925533137198,0.0038311744738323875,0.20015966197898538,"Contour_px506_center[2718, 1629].png"
-0.470025470362517,1.5825605879637465,2.017804079037872,0.19626762027129385,0.6358765649556966,-1.0320807234439853,0.2824734619299521,-0.025668609944844933,0.46179599390798126,0.28455203281581104,"Contour_px507_center[13420, 1673].png"
2.120015590651376,2.9663880014245896,-3.3145221614369498,-0.11013506436787077,-0.39593965424944544,-0.23167459577167096,-0.11322742771603414,0.1231094429262288,0.006739361282939039,-0.18752802314521697,"Contour_px508_center[4013, 1558].png"
0.11833638357168207,-1.460601613705966,-0.6786803039108661,0.41967914111118876,-0.6752673268747792,-0.49227938751458333,-1.075709296292963,0.03947658642997374,0.47589614617134346,0.009895053575186634,"Contour_px509_center[5889, 1515].png"
-0.23164394082284992,-2.3628677705789114,2.61419320024083,2.7438692847926442,-0.6448648040629932,-0.6854184513508723,0.05168929779144637,-0.0050700586516511745,0.15294086284665154,-0.6352598950991495,"Contour_px50_center[1399, 6213].png"
-0.2077957405639367,2.634740276922104,0.42769342747648126,-0.3929131297308205,-0.026852160763741997,0.8705969575012554,0.3543765970583799,-0.26279244746532027,0.7602012671769098,-0.2897446835656915,"Contour_px510_center[6248, 1530].png"
-1.211866213829047,-0.8879800877633236,0.5749965359603595,-0.4677102799342812,-0.40587996602597437,-0.3122051760822924,-0.4492614065684814,-0.09494869792524793,0.15215780458652073,0.22330128792652135,"Contour_px511_center[2127, 1496].png"
-0.951029024507689,2.256809696492025,-1.512930870007598,2.1761851590513426,-0.8056886178004755,0.29175953413552813,-0.8566902739361223,0.0016669914288878042,0.023362084137117562,0.50927489011594,"Contour_px512_center[12904, 1498].png"
-1.708119210125981,2.880540396062736,0.3417184266124619,-0.46724779040936093,-0.9066131834820094,-0.3184873717421538,0.4937761384246996,0.9205536013833974,0.9739816333963118,-0.48166480180685145,"Contour_px513_center[10653, 1570].png"
0.3566409608504557,1.1309693294265506,0.6697361130081733,0.731650125407696,0.37280063820314147,-1.0151355840743863,-0.09043971512014573,-0.3915358682711973,0.05347766699952667,0.05190525913098387,"Contour_px514_center[11355, 1495].png"
-0.8944032394030744,-1.0989320021305011,-0.4185444396821148,0.6714368277510108,0.6758051275170719,-0.3673545213735971,-0.2784102120389196,-0.8809679239385249,-0.30409258734362665,0.29351328532802995,"Contour_px515_center[5566, 1441].png"
-1.0477816275567793,-0.40896539386691416,-0.40551682729164806,-0.7397267448090366,-0.12681754500378306,0.169256190906435,-0.2893301547712099,0.05897923408655562,-0.08835847387817411,-0.056699469513536674,"Contour_px517_center[10909, 1452].png"
-0.8954219442377361,-1.0600119730624187,1.1030666480069322,0.09833661610394745,0.4074724231677799,-0.28929034815969074,0.021910137636472087,-0.39375518730090947,-0.42715039917431663,0.30252637823886586,"Contour_px519_center[690, 1442].png"
-0.5498257374463379,-1.7585813611856316,0.07024224804077259,1.17608235704129,-0.42654392866831975,-0.44570510743162206,-0.6119586051296839,-0.1655231123414489,-0.08224685957483627,-0.3252164802951401,"Contour_px51_center[2984, 6165].png"
-0.513632602082772,-1.1082233992914763,-0.425097065789525,-0.20121293121390987,-0.04344178112641189,-0.08570491336112317,-0.16681234953246768,-0.3132952450377819,0.02891659799595492,0.09158309808796294,"Contour_px520_center[3710, 1423].png"
-1.280119854251501,-1.2602384612482393,-0.673812521365497,0.5126061960365037,-0.47017460499798125,0.6126195023595721,0.026077201390952955,1.107082182885867,0.48836434009615515,-0.939474750496661,"Contour_px522_center[8947, 1421].png"
1.9747341543691685,-3.4106894154957783,0.2913732380845419,-0.24411238267712262,-1.496188384614468,-0.51506530326598,-0.6438281488365855,0.6478667497948527,0.11039062565016797,-0.008405970127692482,"Contour_px524_center[7354, 1387].png"
0.578721894365206,-1.3530380514032105,0.6586395009811405,0.0034592904738783136,0.465216422456204,-0.3276901274867231,-0.09808246129280619,-0.09711422626520089,-0.8632957578302742,-0.09979195276524236,"Contour_px525_center[8253, 1382].png"
-1.9689389834223816,2.0743163661056228,0.4804034202412215,0.34829444962556744,-0.24237799916227956,0.024046387481137826,0.8245404860608164,0.3564678001470784,0.1966275012631304,-0.18212132530608144,"Contour_px527_center[12435, 1443].png"
-2.888077039667428,1.3499469392903376,-0.47608225914899227,0.4465203799046884,-0.4487170756106135,0.43766524516815386,-0.1531929321296868,0.7583444683550409,0.8547840816952527,-0.2203574664546354,"Contour_px528_center[3024, 1366].png"
-1.5511934965375955,2.2720887841858532,1.5668703140151345,-0.7656286211887134,0.05419271866919416,0.7014811951220596,1.126001894362393,-0.18427956684683278,-0.05044721074380373,0.26193333815837927,"Contour_px529_center[9286, 1508].png"
-1.6640038190492317,0.6911349576961975,0.6462946243873724,-0.5492696896766636,0.009512921148341158,0.09053352522724575,0.6496616413709095,-0.33938262219786963,-0.3538339488963942,0.2190714712255965,"Contour_px52_center[8150, 6215].png"
-1.6650946794302022,0.6933074468303437,0.7876297249318165,-0.8703596820856004,-1.382955020332236,0.284832910480146,-0.5223356672854499,0.5763985507061825,0.15644762338362084,0.23633987588663385,"Contour_px530_center[7738, 1386].png"
3.8712238274413173,-3.5683275905771503,0.721146253432901,1.3637919461739896,-1.371363166719724,2.7735509111325545,1.4271657813350194,0.10969111121908591,2.2420173193511257,0.6323921211978119,"Contour_px531_center[2455, 1307].png"
-1.8045199798052574,-0.22654564633440447,-1.3505799872832356,1.0294359216975988,-1.0582197680595005,0.6864621004304539,0.42541856390826716,-0.5660310615846952,-0.949815394440044,-0.3027189272801186,"Contour_px532_center[1686, 1343].png"
0.1158602905366849,2.477460962218909,1.8701767670885399,0.14173215746174647,0.5376381880404273,-0.9204614167964195,0.6568835267620076,0.2412198877973218,0.04738948916057385,-0.03848485229944279,"Contour_px533_center[1228, 1502].png"
1.563202344325242,-0.6850240174003718,-0.22637349203793863,-2.006837875002792,-0.4979553795041582,-0.589049871664613,0.33112797474323724,-0.3147981265710802,0.15639766497255658,0.07781144505250114,"Contour_px534_center[10253, 1285].png"
0.722179853045709,-1.5955530849339197,0.06750091623205158,-0.9327479855356583,0.6394127572151659,-0.5211363309194149,0.35074345911106297,-0.3046880284394915,-0.21903689994259593,-0.42547370918566824,"Contour_px535_center[121, 1279].png"
0.2155580837771665,-0.7652484851614184,-0.4843343799801799,-0.9863128535685519,-0.4397628120848241,-0.6488118676162556,-0.10831977069289343,-0.7655823855619149,0.28718304110578713,-0.3338716003006774,"Contour_px536_center[10589, 1272].png"
1.0102398130400474,2.003045329716364,-2.320413987474335,1.5100666289689129,-0.3137604526984368,-1.0042629981796753,0.09715298153281034,-0.4835528258687839,-0.0836058426275599,-0.07914684895168245,"Contour_px537_center[4059, 1287].png"
3.7007873587040554,-1.934529594075735,0.6788866527627075,0.22485071633851525,0.7950883557462648,2.7017564785871198,1.1559858540498964,-1.3193535074140685,2.278836883692244,0.16316383934462036,"Contour_px538_center[2687, 1224].png"
2.7874456015198206,-0.503142982556431,2.0919534767153247,1.1762934992074008,-0.5522744828167884,-0.9280476460186978,-0.6462133772094257,0.14268981153393293,-0.250876151378858,-0.2739722246009951,"Contour_px539_center[3363, 1255].png"
0.9664132933843659,-0.05514531653855814,-0.32428785283658446,-0.025512104074677966,0.4570820788262725,-0.744681638184894,-0.15383310416274074,-1.2469704056662425,-0.1216021399127474,0.15834729715870957,"Contour_px53_center[7644, 6133].png"
-1.5271782608158233,-0.293601435817814,0.006174661910306491,0.4852533269355508,0.8342738840129517,-0.4525439688238767,-0.6894625562996185,-0.17706679982013637,0.399127172485832,-0.19878462562005506,"Contour_px540_center[3759, 1196].png"
-2.6431800146301763,-1.1220608011619184,0.17517800296576472,0.1420107188189349,-0.994941708887934,1.000740272807493,0.2975910736740067,-0.03529965752969062,-0.549259427568018,-0.12818380074493685,"Contour_px541_center[6834, 1193].png"
2.0555066655996828,-0.2911954780450153,0.8012574578316699,0.7057226534299923,0.5294369363021908,-0.30402403299574027,-0.259958584915797,-0.23419802976445986,-0.352586365602414,-0.5511191091372405,"Contour_px542_center[7777, 1183].png"
-1.8813778687238654,-0.6779697227043617,1.32205536107682,0.6817671849471502,-0.07013240700114086,-0.06922222962001134,0.37895330880447586,-0.19589993456957164,-0.25330900411700663,-0.21760711688673873,"Contour_px543_center[6128, 1205].png"
-2.153430381034087,-0.5203228449726219,-0.8743655693501836,1.808850442777331,2.0158435065791913,0.7445332548564377,-0.8504531536591686,0.6847784902504467,0.14882509054070706,-0.2280116979414785,"Contour_px544_center[11899, 1156].png"
-0.7885626998101065,1.1049294627648483,-0.07357376354631937,1.463057270831599,0.9146883570977027,-0.9667907559513809,0.058090759012173795,-0.773682016947687,0.6662829678124559,-0.2669965442463633,"Contour_px545_center[12874, 1159].png"
-2.2001170328451294,-0.8905029223014087,1.5389142866941994,0.914908645690748,-0.4706310681209138,1.7694443490335687,0.33283699989454707,-1.3983814430244954,0.2910779435768666,0.14703798432702375,"Contour_px546_center[7238, 1186].png"
-0.40512624227442773,1.3533634301840372,1.3217403355833428,-0.578674679076108,0.4062341780325839,0.2921263467926046,-0.17529381878509032,0.45036989388197457,-0.20749763423763307,0.01016081292087248,"Contour_px547_center[8663, 1194].png"
-2.446591715972879,-0.12154765696993919,-0.3737947597684226,-0.4193861008732787,-0.4817312504202796,0.32125138971868145,-0.6354608976093026,0.169838677354643,0.371256350745377,0.024056083746515463,"Contour_px548_center[9133, 1120].png"
-0.261423858843948,-1.2112950969487593,-0.22640247771191196,-0.8286322792037356,-0.11455325274332806,-0.1699227232260116,0.06522313811154491,-0.6482905191135433,-0.5644816556529968,-0.025984829706059264,"Contour_px549_center[6550, 1098].png"
-0.4562643507700996,-1.2513346852715492,-0.4212549558354144,0.7765277247373363,0.8235433471770623,0.1932703851532179,1.176860656653702,-0.018331861785377348,-0.4326727716723894,-0.2913379635697114,"Contour_px54_center[5718, 6115].png"
1.2864150232376623,2.0648365095418217,-0.9526549071741937,-0.0808537587707057,-0.48618639026963717,1.1510272566485282,-0.18524417424583117,-1.1378101157308582,1.0151699388980633,-0.4007767446346782,"Contour_px550_center[5717, 1120].png"
0.3006096570622753,-1.4693921246701105,0.06849233857759511,0.3870781025755183,0.025767261173752987,-0.5423593572820943,-0.13372614904743327,-1.0911124476562533,-0.6995795589030275,0.10567016737179702,"Contour_px551_center[9856, 1085].png"
-0.3221538950954848,1.1118971800153514,-0.8516427315243101,-1.2670193078906216,-0.14271992579418577,-0.09099099703676217,0.34762996996390555,0.009716775813128974,-0.06529934852264258,-0.06677343368150283,"Contour_px552_center[545, 1070].png"
13.563264765408164,1.9882714988963506,-1.9206961277926422,1.1116101388804984,-1.1066789927014438,2.5162483308275245,0.9886765365765438,0.6288417699932731,0.3685986619056116,-0.05693545022330127,"Contour_px553_center[1576, 1010].png"
-2.227285844043141,1.1546603505910158,-0.8340190716240823,0.08434177551727333,-0.7370398791401539,0.30340676523461574,0.014017663342262086,-0.5518891466773423,-0.2151458020705334,0.45565783522703956,"Contour_px554_center[1268, 1074].png"
-2.427015229873242,1.4573070244001076,1.4569554603569939,-0.11177344103129698,0.9661171357184034,-0.4655097474319429,0.8085187916065427,0.046485084588886935,0.21307521864850648,0.20578681339364896,"Contour_px555_center[4475, 1162].png"
-0.6019878463318662,-0.666957443119805,0.4643186615701933,1.4086690247982878,-0.07333935007587547,-0.017009462134859366,0.16221120378123505,-0.5279767449630233,-0.9098582450898848,-0.1157298090035191,"Contour_px556_center[9441, 1058].png"
-1.059682706802515,1.8624118412816044,-0.8412297284782683,-0.3467407010107322,-0.48018102920825784,0.040678374678812156,0.3573052291656989,0.2316303789516939,-0.03735485753937414,-0.40366800582346735,"Contour_px557_center[12374, 1074].png"
-0.07901664052965054,2.9257972909462406,-1.7668297248103049,-0.39128867232100045,-0.27807235555239124,-0.34554778770014044,0.1112830797824542,0.2251352798521183,-0.025101948193430812,-0.011498607638047784,"Contour_px558_center[11413, 1053].png"
0.884922420021968,3.278308806420876,-1.7750166184597485,0.7674140355897752,-0.1931123492158298,-1.0056023984453468,0.39701955091704305,-0.5403373011781927,0.003452065594555424,-0.39920661556739534,"Contour_px559_center[2124, 1039].png"
1.519660526014345,-1.616887589049175,-0.20103343333802492,-0.661869967377902,0.7136305360754952,-0.8758257431614004,0.7583292253367004,0.4263671249418344,0.11205625727568065,-0.5877322738563833,"Contour_px55_center[488, 6117].png"
-1.8275670586013206,0.05910976468881471,-0.181283992175914,-1.1761942024156522,-0.3356641424144795,1.0288440811089066,-0.1041338858226927,-1.040602606774232,0.5280323086957398,0.35706881305871996,"Contour_px560_center[5215, 1066].png"
4.06517360600284,-0.7724929041548901,-1.155976937983444,-0.8661530591664466,-0.5665807102945891,0.47060720398926625,1.1689652864621272,0.5498394900050685,-0.989393322327143,0.05422068275455362,"Contour_px561_center[3074, 975].png"
-0.5526300962191165,2.305062372751174,-1.4056609399327635,-0.3143086952563884,-1.3971891210055118,0.1307275732371532,-0.01236032641189417,0.4684418428170945,0.23293905936842532,-0.2258367126462428,"Contour_px563_center[13237, 1019].png"
3.8782483684722395,0.300239587604019,0.6677352136355106,0.22266865912394132,0.5849268956240856,0.9888797042665531,0.7181435195336983,-0.854652838617208,0.0504267511665618,-0.3100913662997737,"Contour_px565_center[2452, 969].png"
1.1950065182255662,0.5935542325385369,-0.8032940880125565,-0.14636839561207918,0.18877376083628902,-1.7792613666973056,-0.2493113298379745,-0.6873796419192454,0.21631710192088485,-0.17431064984809658,"Contour_px566_center[10606, 988].png"
-0.9579846936275648,0.42034510847059847,0.17028020705441557,-0.08687445891584877,-0.4430499239872165,-0.2270333666923857,0.48275938436203963,-0.3296504933302077,0.11920238827838964,-0.3077085336732143,"Contour_px567_center[4822, 1014].png"
0.917937962330696,-0.9468584992910151,-0.0027980375853845956,0.6437279582335106,0.7196131515665295,-0.3489768794943896,-0.5034545467117303,0.20896869802356596,-0.3463705506436827,-0.2114432408163103,"Contour_px568_center[3451, 946].png"
1.029787074646902,2.4041697142319536,-1.7171054385447433,-0.4122787683067052,-0.12579144775791715,-0.7247111980370867,-0.20709121889879514,0.05805655873432675,-0.11549570244159682,-0.08271874948790664,"Contour_px569_center[7001, 927].png"
-0.13395181970025435,3.0503798159153463,-3.073159990213356,1.851134361690896,-1.072534309890152,0.24785864287232082,-0.029532180481511988,0.4719359953066784,0.1647581112645233,-0.21594101444539332,"Contour_px56_center[8929, 6108].png"
-0.23517405771363104,2.5624046123004014,-0.9711813452838745,0.2840478468144118,-1.6268556948938897,0.11614509716247828,0.4750788529641446,0.31116955879093927,-0.5785375461122239,-0.1849403095124861,"Contour_px570_center[4089, 946].png"
0.2985567372774314,1.537707726166322,1.0482121207023367,0.03592852174896329,-0.5746382243930442,-0.8547120505076917,-0.7766228876029945,0.3607869398279642,0.3266658289484238,-0.05410231425208283,"Contour_px571_center[10966, 970].png"
-0.08505462462421741,2.421000292356027,-1.6374672298811945,0.44527285500737035,0.1485101351990949,-0.872224956264161,-0.11906100555733466,0.008541358502479645,0.2177265571624692,-0.12840304269170555,"Contour_px572_center[2799, 947].png"
-0.6996939529236123,0.3524023484003257,0.6981156887024044,-0.3606710403707472,-0.27694857945072154,1.56460669924295,0.08261633373326278,-0.9219991148281089,0.28704976748309896,-0.10108255160717321,"Contour_px573_center[10250, 938].png"
4.056696558362594,1.2185337316970744,-0.21500988562056417,1.0489089173492954,0.18558279124581747,1.8186660356240052,0.19362946582793078,-2.67083960719888,0.9605066737385332,-0.6035616075940726,"Contour_px574_center[7421, 849].png"
7.470625413844018,-0.6413929198852603,2.103033745340125,-2.4462222645065577,0.28438179263818636,3.201856954688205,-1.3609492597163293,1.148429789518439,-0.9738773953222826,0.03997381531636631,"Contour_px575_center[11846, 841].png"
0.30964476698951837,-1.1724420443125372,-2.048102550828891,-1.3946304162108278,0.4874770706985108,0.5506768341743816,-0.28785432279265316,0.2316193633870352,-0.34320732767237133,0.2714493463846056,"Contour_px576_center[4428, 810].png"
-1.431952677978209,0.2492440202507212,0.9753535598340873,0.8707896555952455,-1.1879220189455473,0.05617532265904449,0.17568686538951367,0.5331803426492048,0.2281116861235046,-0.5582099468573422,"Contour_px577_center[137, 828].png"
-2.188441277013227,-0.8340281215378014,0.6232923386721528,-0.6560340692929194,-0.3569589895757887,0.3867586799272059,0.2552377053605894,-0.5951161535140769,-0.574220800326057,0.23002095829680108,"Contour_px578_center[860, 855].png"
1.9126418317031895,4.842660009629199,-1.7646624566404279,0.7403715438678328,-2.0301117616826234,-0.3193407186649769,-0.634630476142529,0.7336769773390475,-0.4955469516809846,0.23263190051368116,"Contour_px579_center[9006, 863].png"
0.044719451661638855,0.20694585810628588,0.302680735409635,-0.7316630458307626,0.722104200416739,-0.9104381921323207,0.9608079371590743,-1.1018707848208105,-0.03015516795442563,0.3228693626961623,"Contour_px57_center[5361, 6153].png"
-0.012115956041680335,2.7615186372197216,-1.6744590032654079,1.4786043833221527,-1.8006577384112616,-0.22813974183034913,-0.19491620803987558,-0.08954034063096197,-0.46549637534635624,0.01574516308491711,"Contour_px580_center[9694, 823].png"
4.087710555027963,-0.11164527738703058,1.4964385865013328,-0.7711732966237369,2.1413031206576902,1.5150916576164808,0.3933070448534068,-0.6510138266663797,-0.2180222660663557,0.44872229818482934,"Contour_px581_center[3748, 770].png"
-2.846712153424858,0.10891186835759557,0.25901313854495833,-0.2240570035783199,-0.4366352937470649,0.4790788156441572,-0.09910610107099743,0.19846109026771722,0.19890786549522563,-0.005992313780783675,"Contour_px582_center[12751, 817].png"
2.1947393001653976,-1.069857029117289,0.8707019785436676,0.7305686393345964,0.6745071705715202,0.5712748923911011,0.5738468058391446,-1.2477246853028832,0.26957647055123657,0.2161267692607944,"Contour_px583_center[9325, 809].png"
0.09205115903096517,2.0570883682397474,1.0257531299853413,-0.07935997337800976,-0.7194273827987934,-0.6387000238030237,-0.5239940817268482,0.3897224314679999,0.07190179761550192,0.07431030426552668,"Contour_px584_center[1840, 795].png"
2.3637127185532885,0.23375034646119797,-0.6154556214730034,-0.859853125383327,0.10397170276572708,-1.2356252048624208,-0.063693420880427,0.11573461905757379,-0.25770666556826605,-0.8398459554676336,"Contour_px585_center[2351, 738].png"
-1.2642857217311334,0.4281499669852271,0.3752897123400623,-1.297797230890167,-0.014214711023030345,-0.9946031860617947,0.12799965818046538,-0.4790481721932913,0.39708124024057206,0.2692897815312923,"Contour_px586_center[5719, 786].png"
-3.2193939157679092,0.8877889885965284,0.778701449895598,-0.8523006485584183,-0.06276125074324333,0.3922438120052164,0.43281115687307464,0.4924056168285225,0.5452847258295663,0.23191718069002,"Contour_px587_center[8386, 763].png"
1.3408276010520315,-0.41678211440040003,-0.7484983587446579,0.25035009321699453,1.8516040264237426,-1.216495004937646,0.45224697011840304,0.13109535707722753,0.8794870779935742,0.04700666737370198,"Contour_px588_center[3154, 710].png"
0.4464357245534531,-1.7806161845293742,0.2452016145523109,0.39439426615295925,0.9262238744967576,-1.0280522297653998,-0.40722893306927027,0.04594617699471356,0.43000944977817074,-0.10958201270977637,"Contour_px589_center[8834, 682].png"
-2.3210719776201025,0.9612581963910244,0.762645663700561,1.3372607684697597,-0.16008938337757758,0.4431192749740497,0.8274009325407606,-0.12567180871179165,-0.5875158864620401,0.058931051391069945,"Contour_px591_center[11303, 766].png"
-1.3141363147553407,0.823793075154454,1.5677968071180057,-0.7472493879315925,-0.26652389358174294,-0.047843797680271694,-0.588574315,1.1164896057893925,0.4613984214607467,-0.2626282726105343,"Contour_px592_center[6065, 735].png"
-1.4905895126944484,0.8337799267319821,-0.28083885767151157,-0.7073877220868222,-0.31037405643417065,0.09264854848326237,0.17583868057760682,0.24829884568872346,0.1952050850762798,-0.302374816973451,"Contour_px593_center[13170, 696].png"
0.9915809309911539,3.205434493462963,-2.680970806970259,1.495065030102192,0.05589841930516546,1.2625587252306303,0.022153930328857537,-0.2542231526406111,0.07151725497578074,-0.3283028227884797,"Contour_px594_center[1425, 673].png"
-0.04683672479780766,-2.4263008871597247,-0.3157384769595386,-0.7271250199042244,-0.9016683846762578,-0.5755338254676727,0.3485085566945017,-0.6859294893383964,-0.10290492395347492,-0.7314108233358064,"Contour_px595_center[4850, 641].png"
-1.51937973861415,-0.5261474679557088,1.0603137285497073,0.5554102698787802,-0.036379099313301404,-0.4667374929825486,-0.9727924938891931,-0.1663790741156802,0.08209455754867466,0.5178586739996299,"Contour_px596_center[514, 653].png"
-2.262627309924187,0.3866271635779872,0.754957979517646,0.36126475137971786,-1.021229600340755,0.28021657767564956,-0.4993464696540859,0.46620989055715795,0.15051447997622125,0.19634283333423352,"Contour_px597_center[12244, 687].png"
1.6375798408797453,-1.6868895646934894,-1.1229953198230969,0.3872633004674434,-0.0546791590070817,-0.36271012566236155,1.178004028348728,0.6966239829595039,0.335999662510245,0.4582258195106469,"Contour_px598_center[763, 601].png"
-0.06395932199196516,0.7956474243147814,-0.6061176734939417,-1.2677791702013128,1.1023795506539682,-1.2977473412645295,0.10863900515861419,-0.07416271378463656,0.6830071794713544,-0.09621141681342972,"Contour_px599_center[5212, 634].png"
1.4261299518898638,0.04946351370561843,-1.0019452759818197,-0.9231998637363227,-0.44787073060918015,-0.8551615524165495,-0.013836780651697462,-0.3398747068011966,-0.035632954186859994,-0.2765157261497386,"Contour_px59_center[1835, 6103].png"
2.162286220343504,0.04176750382983757,-0.813706695007078,-1.8901235271864132,0.41965344106346675,-0.777577560497128,-0.3203386850799524,-0.18728962838158877,-0.12183571873569853,-0.41686773457367815,"Contour_px5_center[3742, 6774].png"
1.2026099337858758,-2.040593183523167,-0.6549674552078467,-1.1325272526419927,-0.3780953471200286,0.22537372546608866,0.4779331537892504,0.17393541066388696,-0.3146140319784247,-0.4351665959309819,"Contour_px600_center[10948, 584].png"
-0.28747005751524474,0.6729059398585744,0.6111929134873425,0.07525887346139946,0.1595947884652866,-0.9242666019659023,-0.237000094121396,-0.5146482578813592,-0.3233564184270739,0.482400749738464,"Contour_px601_center[7504, 616].png"
-0.9438513902995457,0.11803837375322361,2.0542937786246958,1.887915372475453,1.5848584479618244,-0.8669974263848207,0.3490549497396666,0.19536934914062629,0.059604017722517416,-0.5576033731164156,"Contour_px602_center[4129, 627].png"
-1.2863627762248855,-0.7239005931566039,-1.5638117908904727,-0.608378437696121,0.8470048445161795,0.34674590429998486,-0.8283494690628876,0.018484315375678125,0.1914555214945768,0.7377882110171249,"Contour_px603_center[11774, 535].png"
-3.26518587035389,1.8123881073407695,0.28514534964561244,0.01635549528494002,0.12965307295959494,1.020632863349477,1.3421818600038742,0.6171762860202187,-0.02888973072802153,-0.21596361945462272,"Contour_px604_center[10539, 589].png"
0.5826433779034916,1.0505955114164394,0.630543091471938,-0.8521595469474793,0.473409540942088,-0.25545308240415443,-0.07085915990656978,0.3436889088556511,-0.8698684897264415,-0.09476466587442944,"Contour_px605_center[3406, 567].png"
-0.538987609201717,-0.6408476043425186,-1.5157751829857549,-0.7093415112270128,-0.5064342502872751,0.45272117145232965,0.08995347038104597,0.001459637887159472,0.1109165911977343,-0.09327987127170438,"Contour_px606_center[2985, 535].png"
-1.376139773859434,-0.6050561237709012,0.6061053810198107,1.185428315525883,-0.005928054012869576,0.011519223124403517,0.23623926954477223,0.12239720317143611,-0.23778805372434098,-0.12992987156070035,"Contour_px607_center[1866, 559].png"
0.744089821523984,-3.178324062909856,-1.073874350417698,-0.3465434603049955,0.008270914204948542,-0.370766940290854,1.0255468918298087,-0.20233339689442975,-0.0902757654531794,-0.37714910615103175,"Contour_px608_center[4490, 512].png"
-1.1665889662562228,-0.5266023982692054,-0.3673066991836962,-0.019164329372601787,0.3508853448230807,-0.014289443684952568,-0.298483048032387,-0.0462182432877923,0.06623161511040809,0.4043515879054328,"Contour_px609_center[10186, 521].png"
0.7399648575702191,-1.4664396584524815,-1.2351649781258207,-0.5885484874335087,-0.4217503740216796,-0.8037155517967365,-0.2503256761756383,-0.3934476110394061,0.5500867680742226,-0.07577201724727883,"Contour_px60_center[9680, 6087].png"
-1.0659359089551261,0.7070514314514214,1.2162545924400365,-0.5391457673205123,0.08447397352311814,-0.4099616605866378,-0.03631387408109377,0.23245766395796263,0.31313998132165444,0.021196437458855372,"Contour_px610_center[7098, 577].png"
-3.030614744699758,-0.18300106655168197,1.3648933241038916,0.2542112557214416,0.06321895589785553,-0.11987194175136155,0.5405354334047854,-0.1422344043606254,0.15721977248334035,-0.037551927715554094,"Contour_px611_center[154, 496].png"
-1.1769748956140333,0.09934474313363931,-0.7329806843888872,-0.9812702164712627,1.354218323632175,0.05362216943537874,-0.2730799335906612,0.17313888509150288,0.4493821253251634,-0.07480961354582258,"Contour_px612_center[3711, 419].png"
-0.8277501349479923,-0.5854270955633225,0.5261571228856865,0.9369840057718702,-0.7040286694722079,-0.01058722806515943,-0.2978646952132271,-0.03325943961281131,-0.3865751482547108,0.2519797117202205,"Contour_px614_center[8667, 410].png"
1.5924011280922645,1.8484148202924209,0.5327102674314442,-0.38577262963248554,-1.4274955504930584,2.070865929136797,-0.087150754523753,-0.04471466621053001,-0.2980568759614274,-0.1440434221279102,"Contour_px615_center[2214, 423].png"
-1.1243712296878228,-0.8595250337292248,0.4486835544667754,-0.45383226003393934,0.03783462645865581,-0.5498119231018114,0.26550756937124237,-0.3088152927202103,-0.011478862247960176,-0.13883752753938144,"Contour_px617_center[981, 395].png"
0.0306944185289014,2.0000158304528743,-2.6100911514257996,0.609619823645186,-0.3987599937253158,-0.26088103680982966,-0.0826435637581145,-0.20730827835246068,0.060060449764216095,0.2831363948728104,"Contour_px61_center[9338, 6104].png"
-0.6414493005183795,1.0290368193267088,0.08539854705239361,-0.7212665874905345,-0.7165109115218374,-0.3658341326163842,0.6204015634230471,0.17758637004423386,0.5945452048032827,-0.22509567580313122,"Contour_px621_center[6109, 350].png"
-3.102941929673895,-0.3512155398928426,0.014003739894026092,0.4294747275638866,0.04634133307840899,0.8552123780317643,0.8311996354661674,-0.11467253217232667,-0.42050316923240066,-0.21242578754632607,"Contour_px623_center[13082, 333].png"
-2.6799967121488137,1.793003922473867,-0.0013253577446267703,-1.0797808363970947,-0.38169978515820097,0.2529673020632152,0.2728245838173637,0.696537879861926,0.7881883751632807,-0.23389507522268385,"Contour_px624_center[5719, 336].png"
0.9794311109814309,1.1233791937924809,2.2252935528402915,1.0244703476352974,-1.6924419549737078,-0.9967224015491246,-0.7390921155775775,-0.02550078057520276,0.0838561609518926,0.21556744301253677,"Contour_px625_center[12644, 395].png"
0.8219869298396338,-0.44394865306180875,1.0129312703441686,-1.5653905778258628,-1.1958323117974154,-0.4442006309271662,-0.30676010050258207,-0.5239699105699057,0.43716843716049336,0.08769792895601237,"Contour_px626_center[4842, 291].png"
-2.536174944898421,-0.022371012497170998,-0.6095308354270604,-0.5927231786976827,0.1585303340384192,0.5899587128556483,0.2479914106091141,-0.2549436244287306,-0.1740349399396579,0.5318879548869225,"Contour_px627_center[2519, 243].png"
-0.21559532158447192,0.42113003582832303,-0.6699905682310031,-1.6442875342841885,0.05560764031287959,0.0771839210290905,0.12131218830409994,0.6585755812362666,0.29548645550245917,-0.27074219255970033,"Contour_px628_center[573, 231].png"
0.33888368978210953,2.390306007428836,0.04337530378780788,-1.3678449501262269,-0.08067044930811135,0.1326808269887807,0.4497427030834914,0.5276917370591442,-0.5913761843372372,-0.33102647226670945,"Contour_px629_center[5208, 290].png"
6.5876345960231415,-0.928514254198814,-0.39744071799722125,-0.16778314186961502,-2.177548752242698,3.0051543761711255,0.5194345252481368,-0.5709907736331647,1.515255261748215,0.6264415384513337,"Contour_px62_center[8574, 6014].png"
4.814911919684302,1.693438341054095,-2.9646333423031415,-0.14244285858060277,-0.6484656566366698,-0.4803054161967961,-0.007368112575130888,-0.8884579228721268,-0.089611413554487,-0.28251359126468367,"Contour_px630_center[3944, 215].png"
-0.23226110646412748,0.16511359967375852,-1.1881184087931684,-0.044825670334227394,1.1163676997670813,-0.21965593173553552,-0.9470670739903372,0.6101584821668687,0.3176957847083644,0.11980301267042331,"Contour_px631_center[3626, 200].png"
0.9172989567713065,-3.2625820424395546,2.1979273570603364,2.0845993664396505,-0.7811934084146712,-0.7867239273925976,0.4855878239799026,0.15647475473589811,-0.18022890834453156,0.12711364707976175,"Contour_px632_center[3325, 223].png"
-1.3340541410259987,1.4371902741616187,0.6907597840164847,0.21152732066333482,0.19393577986356036,-0.4466909505570148,0.17379771776321112,0.44571014075748905,0.7352535330802886,-0.4996216144976316,"Contour_px633_center[4382, 249].png"
-0.1866644060320364,-1.2366427140942846,-1.5311880973980891,-1.561246025838983,0.6879055229350731,-0.12198265886988922,0.138784393284363,-0.32613311933814065,0.07666114090535854,0.3771407710839566,"Contour_px634_center[3004, 141].png"
-1.5496685191422281,0.4504510780744342,-1.4734807963175285,-0.7733681703835761,-0.6841299979945523,0.8100482158792252,0.3058224050122987,-0.1619129099860373,-0.3376270085970102,-0.2752796913848707,"Contour_px635_center[1445, 180].png"
0.36479828130905145,-0.5461119090259008,0.4911679847878979,-0.4630302356013357,-1.0708586917904293,-0.0011551480271213823,-0.573772247009479,-0.43418257039354446,-1.0483596728967164,0.17198222581517958,"Contour_px636_center[181, 117].png"
2.2404427756504623,-2.3998397976999057,-0.7997069547415394,0.0874375326865627,1.0115767275904692,3.1525636091363967,0.24133385700545543,-1.021170168200465,3.2814313498916916,0.12006905506897046,"Contour_px63_center[6101, 6000].png"
0.26229250764368206,-2.106069259621735,-1.1253495300995553,0.3687954816062266,-1.2701525087999954,-0.804857770348568,-0.5172464299303462,-0.46601657981135125,0.4652321434817197,0.3583988061508055,"Contour_px64_center[2280, 5999].png"
-1.2469553959031314,2.195128263010335,-0.4021003897254163,0.9441361091499729,-0.9134488633265656,-0.15203769709994638,0.11004587686714545,-0.2224935660023635,-0.33016880761838596,0.36260816591589773,"Contour_px65_center[4043, 6102].png"
7.81159122407041,-1.0435785967914901,-0.33522390968141524,1.5897364236057308,-0.6412283479544906,0.16747412068155015,0.7787792740335431,1.0675153173904717,0.21800036046332422,0.13783016222989272,"Contour_px66_center[10023, 6007].png"
3.7703333663306684,1.5695709060632803,-3.0167148585775174,-0.498009973814005,0.24553881192239146,0.35584885831300717,0.39920900556265115,-0.004483366186705831,-0.6310480253500828,-0.5107356870919698,"Contour_px67_center[11282, 5976].png"
0.6395734028593538,-1.3622268036139435,0.6973859044446143,-1.401397434920625,-0.05793145371562833,-1.3892521934224533,-0.3351821461399669,-0.23249647037987314,0.4190272543264864,-0.16036388610195598,"Contour_px68_center[10467, 6000].png"
1.2821533596486854,0.06845781189804448,-0.20516045611097583,-1.2993746009927296,-0.506669058514294,-0.3744278831014185,-0.3478784856970843,-0.43686223099623517,-0.3399366240053913,0.0015703551087879043,"Contour_px69_center[14089, 5996].png"
-1.2915322715656947,-1.635123296859347,-0.17860046363871265,0.521788016538522,0.6745460696487309,-0.2842834242368986,0.39649109412343697,-0.9439849487925,-0.4848783107526811,0.06783577236193374,"Contour_px6_center[1772, 6705].png"
-0.10755821113236404,-0.845911553982502,-1.5671261367175384,0.27101911287111236,-0.3219554415984265,0.21627287742461035,-0.21818736750590337,-0.5115955672551836,-0.5662425759612816,0.35620072907645106,"Contour_px70_center[3241, 5953].png"
0.578782386280747,-0.11274230507846318,1.2116033490347755,-0.6067265188450647,0.03613335806648773,-1.0591546865378119,-0.4480255437124784,-0.2569289652896047,0.15279012533375863,0.2952134099181901,"Contour_px71_center[13601, 6030].png"
0.009458387185112119,-1.8524021649118116,-0.273964069941302,-0.1972371355894565,-1.002681665539659,-0.19552640513833616,-0.36230439311190454,-0.044513612853893325,-0.03403974869478816,-0.0821191140932444,"Contour_px72_center[6863, 5958].png"
0.4889044633902933,1.8536009613919873,2.436283780688457,0.36344571574412654,1.2040719167686331,0.07712709419696842,0.03450841572109283,0.8184527674118907,-0.037958478126380875,-0.16353749035245524,"Contour_px73_center[12213, 6042].png"
-0.6058967143750927,1.992190001252006,0.5819225044086039,-1.0231272270663363,0.2738252968322184,-0.3791814080752811,0.2629771304882236,0.20800949266680466,0.061382047237246294,0.04752135060607043,"Contour_px74_center[13148, 6019].png"
-2.1109575519132835,0.023922853422170744,1.1853778491312073,1.214206445222146,0.8351507564255789,-0.04746212895536968,0.014749382766388907,-0.09693712433602947,-0.3219346855404315,0.2614547777594528,"Contour_px75_center[970, 5998].png"
6.364279712057619,1.1588713421151697,0.22699576905311383,0.16525325860967544,-1.4772191014426068,-0.5963830240193759,-0.11349690630211616,1.2563556762365906,-0.8640211590611864,0.4148970361075763,"Contour_px77_center[5742, 5896].png"
1.6020018496880204,-0.5241253522982389,0.9386971560955113,-0.5480134504995744,1.4178220598600106,0.12583050053316966,0.6756822345080292,-0.296943241357891,-0.7484657745971914,-0.5722020679510244,"Contour_px78_center[2652, 5894].png"
2.081480922940853,-1.7462628666919306,-1.2312986284158305,-1.5448875344386643,-0.5256726287982066,-0.8567296150308102,0.19799926684622168,-0.11010939523052353,-0.2706947376449097,-0.5678405009487868,"Contour_px79_center[7181, 5887].png"
-0.17206054171696425,0.593943868179146,-1.1336370008738317,-0.3971605923358672,-0.5983666675691925,-0.6599364900074373,-1.6485740256826726,0.15459106116175278,0.796002046025977,0.461406588871895,"Contour_px7_center[531, 6729].png"
0.6258070260909466,-1.2813717650215715,0.10183151615015515,-0.23715821965483494,0.5545850464088032,0.6195017113296916,0.5048850207319515,-0.5667559099764863,-0.5038322836900356,-0.27991085091541196,"Contour_px80_center[7454, 5900].png"
5.852173208836545,-5.404060414194416,1.1379615881191687,1.2691399319352235,-0.5360070040227957,-0.5690017195326444,3.9744365498127237,2.954720491352428,2.068257294137108,2.6702947070087526,"Contour_px81_center[2939, 5891].png"
2.6600929694094204,4.56366940780316,-3.5367930041920976,2.335939327683817,-2.094531163772571,-1.1765665916270815,-0.8452795084162689,-0.02763552865920675,0.3422659253475056,0.01059853660199256,"Contour_px82_center[10939, 5924].png"
-0.17927481905061932,0.08086836648491443,-1.1460417315204476,-0.6926341850777924,0.1534255122217752,-0.08827480809419277,-0.7519183681855134,0.15288254777500465,0.09013820338902648,0.13810987476920686,"Contour_px83_center[3572, 5892].png"
-0.1541354229416096,-1.9675688669008613,-0.7033058350685307,-0.3603537684239557,-0.2689150336265944,1.2660088158446967,1.0881691836986862,-0.7654009383627342,0.09802725055867255,-0.045863841767969954,"Contour_px84_center[8114, 5865].png"
1.929326886860097,-0.31764568836492374,0.4591454327822162,-1.581431535585188,0.5711372509088959,-1.2004566376617358,-0.1385087026935029,-0.992463362485902,-0.42652982212794177,-0.13984693308157276,"Contour_px85_center[1768, 5856].png"
1.9705565867251755,-0.9155667665357258,2.0661090914492775,1.5755112738741723,-0.41920517408743224,-1.0795836949683488,-0.9588048841758499,-0.4453720384676392,-0.4352745424996732,0.5601437987170005,"Contour_px86_center[1439, 5830].png"
1.9960445089164405,-0.19711462955346637,0.10716528280694135,-2.0196350333279702,0.26567908221494857,-0.49271587473330103,-0.39025863841088626,-0.1607974614179546,0.35795665189556997,0.3932201057025364,"Contour_px87_center[9343, 5831].png"
1.6524763726936398,0.35280968617419817,0.6154212502453555,-0.9063128714573527,1.4418987833473313,-0.21219550642954907,-1.05760171442008,0.7458735555829505,-0.6641729583049333,0.24123170398824773,"Contour_px88_center[4729, 5835].png"
1.1981897151488248,-2.92002128549383,1.3968120972455857,1.9283522706698255,-0.5374139886852789,-1.2347409574536685,-0.7301921730028871,-0.1246312352025274,-0.07822042093095906,-0.38535116859550705,"Contour_px89_center[6154, 5808].png"
0.5598981939614068,0.113540989883748,-1.50306909645853,0.24383336472881642,2.409047510614001,0.6383027184399356,-1.58225686496157,0.8252068392456892,-0.31085975391832116,-0.5747020090229255,"Contour_px8_center[2984, 6704].png"
1.35245624131604,-1.0635391580439293,-0.8392948180730939,-0.8584267781826967,0.4278893475982803,-0.14825737144620776,0.969950214919716,-0.9569091010664873,-0.003201446717391034,0.05378155356607149,"Contour_px90_center[4437, 5799].png"
1.602098800432756,1.747889087426705,2.8020249284349568,2.623695584191342,-0.3866752786823368,-0.48556443208324734,-0.8362826391866776,0.17607846835772745,0.391418003199774,-0.12168525488881315,"Contour_px91_center[12663, 5951].png"
-0.4040695751846877,1.0356371316400592,0.4259585310483495,-0.8974444330849554,0.639053077290528,-0.4899474722638695,0.46084189933485054,-0.15485088242050557,0.18220769994687616,-0.14409184424814536,"Contour_px92_center[8558, 5802].png"
0.7204135744258833,0.9740719388621494,0.9107914144683329,-1.002068431468223,-0.8656034926660252,-0.12389231263537459,-0.7908225520339438,0.3211952146687233,-0.5061946084786496,0.219125288816284,"Contour_px93_center[7690, 5819].png"
4.253753630449977,-2.9679266440869587,1.520484684953714,-0.17481222911175948,-1.1268660138001536,1.036938591696588,0.9385581402949056,0.7680144633316588,0.32946299874112295,1.0606346622861855,"Contour_px94_center[6858, 5745].png"
0.842208202511738,-2.540204535942633,-1.3637404666326485,-0.6639948996668228,-0.19099055904057707,-0.8375430002067993,0.053928516961707106,0.24034162345769783,1.0240906789971715,0.15373122284294902,"Contour_px95_center[7382, 5718].png"
-1.8741227637294666,-0.23197945262798103,-1.8617748059388712,0.4284421323152644,2.474751452701152,0.1418719356110424,-0.9434429961923274,-0.36423704395808154,0.3394418422210276,1.1686774645268156,"Contour_px96_center[8919, 5726].png"
-1.8287902747769926,-1.189500700032424,-0.022707573053814028,3.279673119855446,1.8156441156797316,0.14412616143126689,-1.4471691288786068,0.8090152426124058,1.084446900581114,-0.39265786668620756,"Contour_px97_center[14898, 5778].png"
4.129457911174054,-1.4350195676382134,0.6467509463170812,-0.3685138719839323,1.1920329579541715,0.44365224101726053,0.7562736248670164,0.3531080699659507,-0.7086834311198476,0.5115703445836638,"Contour_px98_center[10062, 5677].png"
-1.00905820425174,0.22245122470257395,1.790325420015172,0.8257853225611668,-0.3441233095295859,-0.38134467778357334,-0.4856196269296469,-0.6082324605019069,0.46159390640340275,0.3341523560269692,"Contour_px99_center[14449, 5765].png"
-0.058561410971303955,1.4614186122217987,-2.2876286797504775,1.0131052742763487,-0.5284526122204191,-0.3378055322697936,0.026911608331274216,-0.5722889368754789,-0.29754148850705747,0.08266983379544338,"Contour_px9_center[2579, 6689].png"
