Principal component 1,Principal component 2,Principal component 3,Principal component 4,Principal component 5,Principal component 6,Principal component 7,Principal component 8,Principal component 9,Principal component 10,Target
3.0682958270472795,-1.8804628698119752,-1.9096176520150814,-0.4654588783012737,-0.40422997334363986,-0.03941539257771115,0.6016144575863953,-0.07151426135547007,0.21616816843923908,-0.03255611258508624,"Contour_px0_center[8798, 7152].png"
-2.2195269438078906,-0.3183081261837423,2.582652552641223,-0.3364201603156438,0.729671173468747,-0.19317944357391728,-0.5444613795234419,0.05037356996187392,0.11741289458021276,0.04606212494635699,"Contour_px100_center[2425, 5645].png"
0.321067730869951,8.596327487613367,-1.538125606488177,-1.3736030537438757,0.37206599578719457,0.4691904288686367,3.1552895814066324,-0.06872809622943518,0.10113100785509413,-0.07297086090732478,"Contour_px102_center[9714, 5703].png"
1.0623201811050476,0.4196717674293748,0.09904654662257915,-0.5208355304015332,-0.02539169871319561,-1.5263594513658922,0.047205555875091045,0.16725312952025406,-0.09539406851870429,-0.06077508306166425,"Contour_px103_center[2094, 5670].png"
1.6626867181321006,-1.2065574772492058,-0.4964699679724202,0.6653216374967459,0.4878955556423435,0.09136692204760712,-0.02102839570250708,-0.37707881223783857,0.20907791597916228,-0.043596933496228514,"Contour_px104_center[7121, 5633].png"
-1.7133398232126038,-1.2236155467580196,-1.2046307538213865,-1.1343939136655428,-0.7661073019126002,0.23607491247823056,-0.3294178397454377,0.03901563890870123,-0.04770143651211031,-0.043739861515985405,"Contour_px105_center[455, 5673].png"
-2.1280249040285373,2.280008232177144,1.8114378783227807,0.2473927562094867,-1.573056830162145,-0.2721834988246466,0.46598003665729687,-0.5524202462642774,0.22560226606701173,0.10572379144807116,"Contour_px106_center[13634, 5662].png"
-0.6036919007354041,-0.6894769661911088,0.2372854819468165,-0.5657602916683216,0.4978929330997954,-0.2816777405770674,0.4238726336586042,-0.11654081764377108,0.008658774690907435,-0.06846109249969239,"Contour_px107_center[3119, 5619].png"
0.5034950328128529,-0.26570380334693244,-0.14138686999957809,0.02388453905532923,-0.7528112911119058,-0.1312357159061397,-0.36190011749915935,0.05559167260212272,-0.18463607993851439,-0.05209086234058416,"Contour_px108_center[1020, 5640].png"
-1.7075429535704412,-1.4695398854965773,-0.28940990737571015,0.35295463639877134,0.519922202892144,0.010424775314956903,0.2438369626627157,0.010145171994662952,0.020899736456469947,0.09650002503195326,"Contour_px109_center[12114, 5671].png"
0.2796893722039335,-0.7748842128496877,0.839369906278513,-0.3820335628673829,0.12928269223481614,-0.49548459157131103,-0.03099449238980415,0.10162499457307021,0.2165815766011219,-0.02417675145801965,"Contour_px10_center[4181, 6694].png"
-1.4831372389340565,-1.1728080300436754,0.29963577495425,-0.712855144051456,-0.7173635089742609,-0.32650094221051834,0.21877425183948446,0.23506931100525716,-0.16116267484712188,-0.03273934358192045,"Contour_px110_center[3470, 5611].png"
5.216862789442128,2.0805618635154204,-0.6528288433412526,-0.13263931623302375,0.2713549465980782,-1.5379663601328033,-0.24137006700779964,0.22788343911346912,-0.09400986231149429,0.060036820460827686,"Contour_px111_center[8134, 5600].png"
-1.5242263336400825,0.31064719306186916,-0.2543092004401394,-0.8572412475137499,-0.402864099308088,-0.31397761376873196,-0.01574654534821389,-0.01007633606032282,-0.14183762222818272,-0.038751137793661426,"Contour_px112_center[6878, 5583].png"
2.0526277124875474,-0.20464854845249505,-0.6069531098171078,-1.1765778799174156,-0.12155305304551758,-0.406403871502682,-0.2227785025103123,0.24180729092017464,0.10542347557469349,0.16818086867221296,"Contour_px113_center[10625, 5672].png"
-2.72656054415114,1.0284148218463482,-1.0509650323398498,-0.9371663986611105,-0.13824723200611547,0.4942809983976224,-0.9249059545011128,-0.1690304524007643,-0.09148492318996125,-0.07934745865315312,"Contour_px114_center[11241, 5693].png"
5.472298954959645,-0.9765306800284401,-0.2902173164249362,0.7581535683743504,1.9182111164021858,-0.4565122214750445,0.042214252008302346,-0.021771738916561513,-0.1745629378223234,-0.09553889451055461,"Contour_px115_center[3818, 5592].png"
-1.5406968656147357,0.5563738310681583,-0.3042253998394374,0.4077223842450483,0.6203296550339578,-0.1589795580278361,-0.7567026266693999,-0.05561441792673208,-0.2608474213776735,0.2389462794516175,"Contour_px116_center[4241, 5568].png"
5.7150777457046935,1.3977124262488214,0.043392378573757794,-0.6152079567547254,0.5085662077187089,-2.0168448160239763,-0.0254962077251604,-0.09087491746446497,-0.33853638048753265,0.29262300994289164,"Contour_px117_center[12847, 5566].png"
-2.5844647026436256,0.9395267010737198,-0.4324450177854455,4.0837418944221,1.5397655181520495,1.8551080554870545,0.5844232604829894,-0.6993887279693423,0.2080453599638144,0.025794227904618723,"Contour_px118_center[9278, 5536].png"
0.1805837540966915,-0.8726173939227156,-0.7889592116247567,-0.3530146974325709,1.149559505111311,-0.06666642451584538,-0.004565918372701728,0.25501034341377227,0.3867740589282563,0.034400211241934084,"Contour_px119_center[6529, 5567].png"
-3.111092132945791,-0.10026337019136479,-0.3986111953695278,0.7387742453030924,0.7639407313912363,0.7267450238904352,-1.019002958334597,-0.10476222438971103,-0.1310646162733577,0.031892123937736036,"Contour_px11_center[4834, 6621].png"
0.659059264828653,2.037193879118233,-0.9706694915502497,0.5646488223719951,-0.9876403367216596,-0.3497469198481125,-0.8659335904824603,-0.1870165739872506,-0.050752901192384244,-0.041340323750907355,"Contour_px120_center[1386, 5543].png"
-1.2337794414846486,0.4899612630092514,-0.1569142035340951,-1.1823512594664822,0.34402242325902727,0.13724815234678972,1.015740635125589,0.1272151328868338,-0.081881425082193,-0.08073111429556278,"Contour_px121_center[7312, 5504].png"
4.183151008640371,-0.04326747279230879,0.3339113499480791,-0.42598496535581576,0.16425704090575632,-1.6411078325869894,0.16329544471544338,0.3197534263800114,-0.06312529226296046,0.00993193668317314,"Contour_px122_center[11673, 5669].png"
2.923357182302978,-0.20974909821189636,0.7695241420623337,1.7920529386544364,-0.759648031526935,-1.0123615410759368,0.29125880510766894,-0.06434998105548484,-0.021118048689811732,-0.018049827608131636,"Contour_px123_center[14035, 5507].png"
-2.700195905657827,2.656340669211927,-1.3204160690091067,0.24326904522194745,-1.3898138066081314,0.3246404489655183,-1.732020508797293,-0.47145424551557247,-0.21406130005380616,-0.0694586221511349,"Contour_px124_center[8512, 5499].png"
-3.0025653187373336,-1.0899226864005809,-1.5106349315690613,0.4578497752982275,1.2015870114963971,0.9094866022912993,-0.24200810720122418,-0.08154515141610764,-0.07069245118764071,-0.037739517833606954,"Contour_px125_center[13172, 5532].png"
-0.1185776990088596,2.7439350548157755,-2.131272848808841,0.43766404662667147,0.180467096386612,0.22234279420234732,-1.9130492489886541,0.32648291565532667,0.2538015108507214,-0.011580874641299456,"Contour_px126_center[2816, 5512].png"
-2.4019712470682983,-0.4083051536238428,0.8155748752349289,-1.4647621266312434,-0.8833662345348482,-0.44087159594581266,-0.41008195418996274,0.07826096564087877,-0.06787260304049345,-0.003126409816352408,"Contour_px127_center[9605, 5453].png"
-1.615852296742067,-0.873021023344133,-0.6375611040102875,0.8569864667478931,0.9711987553822131,0.7559845410554418,-0.6146139822305348,-0.005084669891887703,-0.1430432761564576,0.0050768830625761135,"Contour_px128_center[6128, 5481].png"
-2.778221757466819,3.629829912945886,-1.1100089988489679,-0.9577989133167532,0.6712949302256692,0.6960474579943141,2.1596701144432524,-0.34675982928138915,-0.2878081771116688,-0.11354663513227992,"Contour_px129_center[5761, 5537].png"
-2.6223612824289866,-0.39341874949485267,-1.0448016239514422,0.7360236489984593,-0.10926642850433459,-0.05718772592912323,-0.034410812998210964,-0.1499388030439921,-0.09997988785628491,-0.023242698768196797,"Contour_px12_center[5721, 6607].png"
-0.318345791377988,-0.3969919754254911,-0.948820954115045,-0.2969879980593876,-0.6583612962940448,-0.4363999902969257,0.5690570067042782,-0.0781398477128087,-0.18203765673415329,0.18418479222115108,"Contour_px130_center[8837, 5397].png"
4.211136700021362,-0.6074795623611803,-0.14129923762203528,0.1502786113462472,0.22327451125440864,-0.7853510433583654,0.48685307754229035,0.06415998028860478,0.2122764448472384,-0.04999564773903138,"Contour_px131_center[4663, 5469].png"
2.617784593209362,1.498426334985597,-1.6742533899218492,-0.8001625224309733,0.390528784052178,0.03004743484266338,-0.782314948414435,0.11797017415316209,0.6895171319429265,-0.004003822675097911,"Contour_px132_center[939, 5353].png"
-1.3856282180091972,4.486529286991032,-0.7257959582467437,-0.2312928217733581,-0.7275542698050861,-0.2730962961202591,1.1619015508093602,-0.10113063852678122,-0.23227528356275795,-0.08122082163102226,"Contour_px133_center[7678, 5452].png"
-2.3626194150834254,-0.8913764168704877,-0.7211233349803658,-0.03882528994606429,0.784961057584133,0.9928189306366308,0.06790573828529993,-0.07031003937800277,0.01842239286941657,-0.0052610794687807765,"Contour_px134_center[6737, 5341].png"
-0.6756320284335517,3.9877561576477,-2.1737437788548357,0.5843549139631478,0.6594046784317842,0.2572622246725184,-1.3430999198704168,0.2499421348612241,0.27710283981305145,-0.007986499387933567,"Contour_px135_center[5261, 5365].png"
-2.34718977307898,-0.4674964130889687,1.281404982233863,-0.5512125524714815,-1.3790363478391259,-0.6120135318383771,-0.4163967457391282,0.11096110441549596,0.04961091675660872,0.02890601205536877,"Contour_px136_center[10070, 5374].png"
-2.0709145835700524,1.7247541082318711,-1.4426453425084604,-0.07975999094757454,-0.4524536066488765,0.24394093608173953,-0.9648726479063425,-0.19343770814821362,-0.16753989524799995,0.11754457545131089,"Contour_px137_center[10545, 5374].png"
-1.192146122108508,-0.8908834698710887,-0.8665787236039934,0.7599305464313086,0.16105483700023399,-0.09925921113800307,-0.10063068320933921,-0.05961391852623351,-0.050506415278104316,-0.04701783248805109,"Contour_px138_center[7028, 5323].png"
-1.5032871072625325,-1.8599845785078468,-0.3273134524221746,0.0052058523027988185,-0.29702610377493827,0.30486804019461444,0.265686110842761,-0.009527975050326279,0.041168861695285636,-0.03241473338452775,"Contour_px139_center[14721, 5355].png"
0.5455121975848113,-1.26783888302574,0.2909837292417693,1.2203312571038802,-0.09466116117664067,0.1283906190487919,-0.0011537664144295327,-0.08655977501559384,0.10171687378019832,-0.018763370243600704,"Contour_px13_center[6564, 6633].png"
-1.7544213514003688,-0.025424721302405095,-1.3182784048635774,-0.31048200789264346,0.3690947198034139,0.1525404541966517,-0.0553520343369797,0.0007935881746838912,-0.046646197182242735,-0.0690991366157189,"Contour_px140_center[3668, 5280].png"
0.9181762887768304,-0.13761318995586946,0.42573760462146953,0.7495733627727448,1.2210376800401013,-0.3844401394941535,-0.34040482376969505,0.0007391540588674453,0.1559306372884985,-0.0440683752141309,"Contour_px141_center[486, 5272].png"
-2.458180500214948,-1.6732170660901198,-0.5121416267218766,-0.2675927765039239,-0.7082841109914331,-0.3177416092063016,0.036106857571163345,0.05927099977739215,-0.0470098779680745,-0.041550105366957156,"Contour_px142_center[3415, 5246].png"
-2.4672648650622206,-1.3403252850450789,0.3535209388416139,-0.48173065533552395,1.0616364639066183,0.45648699861673525,-0.020996714749606495,-0.0822941028401058,0.2305907164470902,-0.01845723949103222,"Contour_px143_center[11831, 5339].png"
-0.2768626891822364,-2.2165787376415396,-0.2569111243094833,-0.7668622694111034,0.5285930043834262,0.3572506247186006,0.10983449870326696,-0.01879739140072066,-0.01777731954760034,-0.044834816568995337,"Contour_px144_center[1759, 5329].png"
-1.8730669860579516,0.39682744229334627,1.1365072868497939,0.21758567883984264,-0.9860938200105868,0.3189874918082625,-0.003062854995196799,-0.11626178362034868,0.10131454259036585,0.011926495697398,"Contour_px145_center[11414, 5271].png"
-1.8874031484501945,-0.9356513577838481,-0.3253489768902628,-0.3394843463169489,-0.48491194840843826,1.2061482723822086,0.3600684842467178,-0.004434130528715842,-0.0068027525358434855,0.007243240920855531,"Contour_px146_center[9746, 5226].png"
-1.182049245101431,0.42689775625335435,-0.2433349736405245,-0.44951309356505437,0.4400764614572669,-0.0014571174026303546,0.3147734835474993,-0.0583717234129666,-0.09403334210389644,-0.07937072218093862,"Contour_px147_center[7315, 5233].png"
0.20937057893671057,0.40578905927894887,1.73778316052273,0.7568463137971431,-1.4912316803191068,-0.8890886576521938,0.0014460696269215847,0.03070410139985529,-0.19335248068164892,-0.029275607778293543,"Contour_px148_center[2697, 5237].png"
-0.8738455206441085,0.15473923818614851,0.4875263636698948,1.662718584186551,-0.6124735074162784,-0.19141695785869098,0.6823072393853034,0.16614857869007313,-0.1889714289801884,-0.023154225957962255,"Contour_px149_center[12191, 5253].png"
-0.6463679706709449,-0.6975668774379574,-0.060314447479276785,1.3379935542702206,-0.6750588245802462,-0.40075173815628157,0.7727466191368777,0.03405665250483346,0.032166647755873266,-0.007962698456470258,"Contour_px14_center[959, 6610].png"
-1.210119208857793,-0.7787210100559308,-1.8810553370394247,0.6469441072025381,-0.3836216266684982,0.3316446121590667,-0.6842834974039436,-0.03571906433561183,-0.062403879456857436,-0.022590280389642187,"Contour_px150_center[3027, 5233].png"
6.466372395065893,0.3347076421815459,-0.26707694859763115,-1.3231670020208897,0.668485199328418,0.1834017736294399,0.16321382397519135,-0.7451267981738459,0.7936511451157374,-0.058065325677483584,"Contour_px151_center[6245, 5187].png"
0.6807814798046523,-0.3029699480971351,0.6695216753679001,-0.7602464598890685,-0.7310856079241751,-0.7219006368795385,0.11195556561334834,0.03663875972528968,-0.08492516854134233,0.18808728402300748,"Contour_px152_center[2359, 5259].png"
0.3042293136712314,-0.5310451633574653,0.3787043900490724,0.21421420286855353,-0.08609720578189063,-0.14636144897711081,-0.40690258518700023,0.0007834095935496693,-0.11372706529530287,-0.06076136773327717,"Contour_px153_center[12552, 5240].png"
-2.480121543661362,-0.7325335003136497,1.2972700191544306,-0.7398371319993651,-1.3499294677468863,-0.38359411847067765,0.25474339674625923,0.09193538248335568,0.06464566110130743,0.009013554971643205,"Contour_px154_center[7350, 5125].png"
4.733647411245562,-0.6253357920353789,1.3101271065186484,1.90135795256746,-1.0526326881677748,0.2326479065033127,0.29280949149988644,0.1266313243328832,-0.16918410502144593,-0.022297340208254354,"Contour_px155_center[8519, 5115].png"
0.1175670633123067,1.6244951712182085,1.5947133096504134,-0.7578083944200567,0.7735836195938323,-0.7172618017759606,1.2918616336480226,-0.3725345114355701,-0.10434960318602013,-0.038660373095333614,"Contour_px156_center[11053, 5166].png"
-2.5133214223261584,-0.5528701336646183,-0.4824285380750306,-0.8547716454173899,0.0675825628902751,-0.1223333084526938,-0.5376536207343393,0.07150036722083662,-0.14038446246091932,0.04071283250249655,"Contour_px157_center[14264, 5237].png"
-0.17543608388055448,0.901258955796974,1.1661493603664177,-0.2082625819376314,-0.107570770629756,-0.4041480443582021,0.247485601241514,-0.029420701060272638,-0.16853757852152096,0.09679126157095497,"Contour_px158_center[13621, 5194].png"
-2.010136495749605,-0.9954203675220136,0.8801092138573328,-0.6396499178982887,-1.2095064529661312,-0.2578398915368609,0.055003469748366514,0.016273761984292222,0.10150482782298341,-0.024846161715822206,"Contour_px159_center[9398, 5104].png"
-0.550347663456936,1.419719753637013,-1.2314887860666632,0.17005262513449337,-0.3422831334445895,-0.014931484105677307,1.0346846156543983,-0.001813154220859911,-0.16054647628410115,-0.06747065194768322,"Contour_px15_center[1302, 6603].png"
0.25663954273424744,1.800054667154276,-0.1842988015881212,-0.6332363335759736,1.5773922761548964,-0.34131363970186424,0.05570367064760073,-0.054138232658317534,-0.05738412644189522,0.27199705059569285,"Contour_px160_center[4198, 5187].png"
-0.5001387866975898,1.053291465154336,-0.28755306869616026,0.2658568506101029,-1.8878289312217893,0.26974182155360243,-1.238342743703389,-0.06601693941562226,-0.2380977703102828,-0.012520936416526966,"Contour_px161_center[8978, 5034].png"
2.4092065546831685,0.6937221423686109,-1.1634970064781174,0.05223920394755322,0.9888187758889062,0.10038659599943642,0.30963396366077683,0.16963695992342384,0.3362651138728431,-0.03569784579943761,"Contour_px162_center[3474, 5001].png"
-1.0566037433580815,-0.7838819758903333,-0.984387283340927,1.0179739866827746,-0.5789357187279569,0.428180510107629,0.4707591294006081,0.01045980573910312,-0.02806716425332822,-0.02497234302089524,"Contour_px163_center[1008, 5043].png"
0.0037783827759658305,-1.1942764176719682,-0.30912706941872065,-0.36172917991817644,0.16705573237892538,-0.21413952083630713,-0.33298673574546495,0.02872094758326602,0.12530038241382563,-0.031805291391759555,"Contour_px164_center[4554, 5039].png"
2.2035506253359425,-0.6546555589166524,-0.2650601382313821,0.10852433647787318,0.32063424997211737,-0.9674204565681512,-0.3329845192544297,-0.15608545611223346,-0.4360136823256327,-0.0023296920867595917,"Contour_px165_center[13274, 5034].png"
6.660204386530948,0.477494907863494,0.9641657921601008,-0.8809039215794567,0.8183599549718819,4.996071532911597,-0.3112636407131267,0.8319770340213624,-0.2971373424484989,-0.06992379959353946,"Contour_px166_center[11551, 4991].png"
2.3020692489459513,-0.21154933305945098,-0.11529373460801962,-1.2678105448105514,0.9774375969936935,0.015503172607507047,-0.9237817548525731,0.2107254539178974,-0.13242220082772788,0.212469949021199,"Contour_px167_center[5753, 5060].png"
0.7242098318587695,0.01465120877292157,-1.036721152038296,0.3521729085298517,0.3134962977795803,0.07815961691042181,-1.0554724384422494,0.09067158135064683,0.12462942426775864,-0.042108844785872006,"Contour_px168_center[10486, 5032].png"
-2.228030737815273,-0.13328050475494124,-0.365264095104574,-0.4644077807019169,-0.4818531722858555,-0.3198396817415484,-0.7440972592259743,-0.016325073302421958,-0.11232169717965962,0.08311855877994355,"Contour_px169_center[14596, 4988].png"
7.131929391312817,-1.235206796189772,-0.3441418886019136,-0.3240097523324098,1.1835870975243203,-1.4124799211189618,-0.08862134993227912,-0.21232742301303328,-0.6782535244677076,-0.18185907979140553,"Contour_px16_center[6114, 6560].png"
1.3238497701571528,1.63897178723028,-1.3885760396860702,-0.5227931745270642,0.8669473876396867,-0.1875033992672386,-0.2901668680516017,0.45917695819171317,0.5598407876824999,0.009707337718576547,"Contour_px170_center[5334, 5021].png"
1.568795676495608,0.6187635013562249,-0.1311248684957973,-0.7394295113124703,0.5065801601474291,-0.2550844841618404,1.216309743024764,0.15234574529330897,0.18599212520194056,-0.04368957524408018,"Contour_px171_center[10089, 4963].png"
0.28378435914753003,1.6547087309699537,-0.7034813097471855,0.5155798291496462,-2.271948786732201,0.9215884990717035,-0.4196073881887744,-0.41879073314617565,0.08338156119316747,-0.026658664508898946,"Contour_px172_center[4887, 4980].png"
1.2507986889829075,-1.3346431345804022,-0.7353248850361811,0.8346983219427122,-0.02946040012645053,-0.7705663575429742,0.1960710397806453,-0.19836933237539733,-0.20427745516384344,0.10876203914190707,"Contour_px173_center[9771, 4926].png"
1.603746979333084,2.4471224363816004,-0.007486162780082074,1.7405709272344845,-0.08656501889802233,-1.2636143242388014,1.738292676975591,0.12866753871305003,0.21967116817372995,0.004520674529223253,"Contour_px174_center[12887, 4995].png"
0.48972663242156883,-2.054078821307631,-1.1517061901490513,-0.41477347684061827,-0.8232832981696405,0.2698725761547205,0.3524759293547794,-0.046945735007970245,-0.18878083826371558,0.0009567958039977035,"Contour_px175_center[1403, 4944].png"
-0.8714334293531012,-0.5961496796406547,0.13825693703406491,-0.20907671230619168,-0.08954901559225921,-0.1918955935796391,-0.0012273645161436201,0.06790744377081226,-0.12568400340457095,0.013799460996535545,"Contour_px177_center[10780, 4806].png"
2.079526694278718,-0.6709007645246396,1.057492056153591,0.7654765240843437,-0.929900513003644,0.780116251274613,0.02031821440664327,0.18779461968839806,-0.16476532974015018,-0.034733432765023234,"Contour_px178_center[412, 4864].png"
-2.003388290789709,0.37798539247718094,-0.3568844069386978,0.41961007086977725,-1.4566238970023955,0.15079937581246938,-0.786238913698841,-0.07302552154062952,-0.08754298885891167,0.03695374564068989,"Contour_px179_center[8658, 4793].png"
0.4856290648202756,1.5025681909592894,-1.488787960735416,-0.19438455040063532,1.174641273999239,0.40407013192887714,-1.97738244665683,0.5187510172956622,0.31136351527915285,-0.0175673621658924,"Contour_px17_center[3403, 6699].png"
-2.46425065850294,3.0051309578074417,0.5350650437704769,-1.6705813276144512,-0.685285385851068,0.027764295610907666,-0.36879828460651914,-0.06878218820279586,-0.3708845012765952,0.011769989076390904,"Contour_px182_center[6168, 4866].png"
-2.9038574676204036,0.10454595760752818,1.7060389691361317,0.12918620031747477,1.646340242029914,1.23236912657297,-0.3069272018372975,-0.13469124328228585,0.15789873886512062,0.009018912611575138,"Contour_px183_center[14185, 4801].png"
-0.5751694361211948,-0.12412292176882993,0.8022519188699653,-0.6304912496557866,0.04700516448860185,-0.8259878347322324,-0.14644980614909978,0.1965953381451122,-0.11704842258940935,-0.06898176820363486,"Contour_px184_center[11282, 4791].png"
2.0888489142390063,0.995043160897083,-0.4884731236972003,-1.0350412921368406,-0.76783858077998,2.128352005712415,-0.5527873115251797,-0.1071418807299108,0.3016225230751024,-0.03487852117363631,"Contour_px185_center[8013, 4716].png"
-0.2906800017210056,0.6519881677052016,-0.5293028197548946,0.25102904415377036,-0.6719085473266821,0.08841571311472911,-0.8055966760740129,-0.04668309006506593,-0.08294267170027857,0.1354432294631371,"Contour_px186_center[5497, 4713].png"
1.7734507121539889,0.22858571908095235,-0.9378265544785108,-0.5481407096319154,-0.9919225408698533,0.40102961093988887,0.31619958844025203,-0.33673195873725836,-0.01025512538254992,-0.07087234277471356,"Contour_px189_center[893, 4697].png"
2.3360877363892105,0.38661839628676237,0.029355707907935045,0.31011396854986495,1.0687254569721591,0.71898469585579,-0.738348147211915,-0.1156102034276515,0.2398010192750962,-0.049499874052097416,"Contour_px18_center[5450, 6603].png"
-0.6030566983883713,-0.45696510160854426,-0.5328749909049314,-0.9482861636101539,-0.5326524009346721,-0.7550754843763329,-0.4183335837397145,-0.09771275485420301,-0.06676363585351952,-0.047315663578664714,"Contour_px190_center[13795, 4768].png"
5.476489821412735,0.1845021944071396,0.3988013920712209,0.9370006418694079,0.2075003292335774,-0.18606971574791764,-0.539279478694179,-0.4554010337277441,0.29002358230422565,-0.048024011408597925,"Contour_px192_center[9484, 4743].png"
5.1863394959356155,0.7391105984495988,0.43703974767786097,2.7848292423020378,-0.6014343708481581,-0.5929230486653431,0.13264683607362365,0.2868389789804081,0.46556586168969394,0.04259158232464948,"Contour_px193_center[12301, 4829].png"
1.3483842017748662,-0.5755838584783646,0.28773096918630114,0.7778493510245253,-0.5531678577901862,-1.255878440690946,0.24723064789410762,-0.14096327255460575,-0.2274206570792016,0.11438747123946864,"Contour_px195_center[11869, 4733].png"
2.2079996298374986,0.8669534692899766,0.5765035233406838,-0.44601125490321836,-0.04485276966494022,-1.1148140192807605,0.19054685993443046,0.8749396488067561,1.203592839004659,0.1342392581900713,"Contour_px196_center[4633, 4703].png"
-0.8312995364702448,1.4935546834079123,-0.4374231091849565,-1.3269183737785104,0.39988144042469853,-0.3740866421766641,0.8954488751402627,-0.068838444448345,-0.001063016858761996,-0.05372844511871838,"Contour_px197_center[9921, 4673].png"
-2.0108988218124653,-1.788727271806205,0.41785456109033803,0.4505648322116,-0.0843074864460492,-0.2794954461985982,0.05759820194599467,0.08320166361863539,0.045295297258504494,-0.020026301879558943,"Contour_px198_center[9179, 4704].png"
2.2280276426281627,-1.2969452983903917,-0.6909385204883651,0.35787788171657337,0.03783348673598215,-0.43037699430501436,0.4619350794183132,0.4795646078717677,0.2437869974822264,0.07074624489305575,"Contour_px199_center[11611, 4604].png"
0.23753793371220552,-1.1050693509599763,0.7971628855882421,-0.1915868596234081,-0.06055448239194955,-0.4605574128220048,-0.22693850198300705,-0.11459266152357311,-0.028943189748069156,0.03697396155498826,"Contour_px19_center[5137, 6601].png"
-0.33282182453649617,-1.0650380119475027,-0.1989760166243622,-0.11325034144680464,-0.5746376034478755,-0.20895186201730326,0.5981007301858954,-0.07211630428079163,-0.09183598580996738,-0.026187872315182773,"Contour_px1_center[597, 7003].png"
2.184231978939953,-0.38423851802249986,-0.22789752019174062,1.24359862102275,-0.5054018891104836,0.6288050540066681,-0.3221932219349751,-0.10760758206222303,0.018495836587825207,-0.031051057749179066,"Contour_px200_center[10359, 4640].png"
-1.5089061865290734,-0.7723016090086212,2.2983854072522547,-1.0900165759220715,-0.763156628526031,-0.5307534644666994,-0.5446875835306658,-0.016456750425422478,0.22696164814356334,-0.014428878750204247,"Contour_px201_center[12616, 4626].png"
-1.5297802806921845,-1.1988221139717468,-0.5064310874017767,-0.6102266031629016,-0.04839041082671075,0.48885852895868087,-0.19344445566618673,0.06668115515334062,-0.013562419623179821,-0.053195483325943586,"Contour_px202_center[1280, 4586].png"
-1.4413521402929086,-0.8558012146163417,0.9849410704783487,0.4486527118417073,-0.6722042700435537,1.1478741076110408,0.5256616995477638,-0.13610221508809922,0.3783752126006763,0.032468208165668276,"Contour_px203_center[6477, 4606].png"
-1.0772958936970278,-0.658019936312041,1.4132163013767984,0.03583128108548205,-0.48541334896251226,1.380477147679831,0.1243582611804642,-0.21783858178956272,0.3405984136725965,0.04722507778617797,"Contour_px205_center[5843, 4606].png"
2.486080659308182,-0.6264295554191165,-0.6825279484484683,0.46028257636721587,0.7956261265824024,-0.782370188140289,0.0018694067616359413,0.37605118519980957,0.3532809854625419,-0.013037605496178753,"Contour_px206_center[12971, 4580].png"
1.781444677926627,-0.6819575160456991,-0.8682434796765136,0.8889630308740827,-0.650544825198979,0.6631566945473293,-0.38375297872529,0.15904164097877413,-0.07744729937830479,-0.02443994982206721,"Contour_px207_center[4976, 4558].png"
-1.096489943299238,-0.408130354664094,0.19790486672815377,0.4527742150051825,-0.02249984320357939,-0.7350016378208044,0.44409542280473324,0.08174093685648832,0.059130083974329936,-0.03207840707623507,"Contour_px208_center[1610, 4534].png"
2.1807218488001756,-0.7641799954222074,1.3037827361494632,1.6842480464135698,-0.15716231284667825,-0.6789437746034811,-0.3649667825897294,-0.4211462564276016,0.10693305578437182,-0.0226771359232708,"Contour_px209_center[13348, 4566].png"
-0.7313946714785806,0.6767074515277642,-0.7136984677148706,-1.0665169710509212,-1.0557154856060615,-0.03522212749223404,-1.5158929222384494,0.05865959776529112,0.022382215710994552,-0.056576450741404355,"Contour_px20_center[6947, 6558].png"
-0.057471778135917057,-0.6484946508772224,0.8513129508887004,0.8578658184566359,-0.6959939301394418,-0.3767874952112489,-0.06305109942969717,0.009375973051475632,-0.11731337860438061,-0.03427546071029275,"Contour_px210_center[4592, 4502].png"
3.5803173416137763,-0.7908183536282163,-1.3329812069055664,-0.4216779771039173,0.9088929607469642,0.28482801671490365,-0.1863084720133515,-0.08306888144811897,-0.014680875391071631,0.3687836623583573,"Contour_px211_center[1930, 4487].png"
3.8077882019621248,-0.28680303043807853,0.2084536903604956,1.5928602763693396,-0.30615402624480037,-0.87423433544413,0.0785601368009679,0.23685015822481706,0.02016284731871258,-0.024282617298916145,"Contour_px213_center[6798, 4478].png"
-0.795659572082043,0.37842827066997753,-0.34686784403001597,-0.40427254425651227,0.042809324370447675,-0.0601939096053642,-0.4558505499171947,-0.12361866889901245,-0.062403322491182966,-0.0801190865098913,"Contour_px214_center[5277, 4452].png"
2.6767362050798464,0.12055800472054307,0.6938280614932223,-0.43457608507525947,0.28177002517478794,-1.3951026586220767,-0.007743199685920539,-0.30669819597326725,-0.023546535101859858,0.013372348307949672,"Contour_px215_center[357, 4452].png"
1.6617746673283529,-0.10412687913329911,-1.4913847042381077,0.7018159286382714,0.591716380107073,-0.7441230161682144,-0.2715218604588939,0.3963537080953751,0.032011273469292396,-0.04818589925823845,"Contour_px216_center[14716, 4511].png"
1.3084830685299977,-1.4852523283907466,-0.8252866340441608,-0.37666324504658316,-0.2476476159964253,-0.21938175102093393,-0.15567467600973042,-0.1282311730036596,-0.24155893305365617,0.007170776508694768,"Contour_px217_center[4058, 4500].png"
0.16604895634699599,0.5225960338202692,0.6107542063714537,-0.3525787901991168,0.659710904550756,-0.34619253959917273,0.27205368222403997,-0.014670325494782411,0.14542815936338688,0.00480530174913717,"Contour_px218_center[3498, 4448].png"
-2.3134680086048465,-1.9814606954386131,-1.5231790865571835,-0.2972085948325703,-0.5400208628588187,0.16272146978002067,0.636318211734847,-0.02713317017547377,0.0022363979471644317,-0.02043237480156206,"Contour_px219_center[10792, 4471].png"
-2.125040291216656,-0.7223902045177182,0.06168645212520397,-2.1553995921192564,-0.7156880827043185,-0.17843110722483363,0.13753669681909053,0.1283793711273988,0.043654472371329064,-0.06324594040314402,"Contour_px21_center[7925, 6477].png"
-1.5940441627922042,0.38749053610924766,1.0059141449780373,-0.3245686892389035,-1.4470964807940028,-0.45603024226695477,-0.3399387690953042,0.10054357588009875,-0.22638925742508823,-0.037065188484245615,"Contour_px220_center[6090, 4406].png"
6.7447367559224976,1.0370071136981431,0.04877884329327369,0.18023309988746572,-0.6493450044619413,-0.5813253261432223,-0.3679590311217616,0.0871003223241566,-0.293110233083172,-0.03474001947964189,"Contour_px221_center[2482, 4423].png"
-1.3235440173307238,-0.7485229738881912,0.5072340874576741,1.1646624790029823,-0.49143282952113015,-0.6854611996614138,0.0018195274393533747,0.10437784529724221,-0.06886058267026444,-0.022966914769851205,"Contour_px222_center[11270, 4395].png"
-0.93335907537375,-1.5902620208296272,0.36091345296719557,-0.8158447209317715,0.543778010808066,1.3056433281226025,0.34908880048478325,-0.007723560944244465,0.07467520413168505,0.03243830804228712,"Contour_px223_center[8850, 4489].png"
7.074952549024197,-0.3146920194358605,-0.14818715899942117,-0.396514249971285,0.29985934183608565,-0.7361156560960685,-0.20798508406534513,-0.09111111833132331,-0.11955744120622348,-0.12282565040648534,"Contour_px224_center[5588, 4409].png"
-1.8461966277087576,0.10468017863959707,-0.1811212983814587,-0.25782737859959964,0.061908336044798964,0.1904823267524722,-0.42302494836508814,0.040206390871000273,-0.09534229868082046,-0.06260171032060659,"Contour_px225_center[7200, 4373].png"
-1.0268608545780848,-1.0616090579255024,1.1200037852999178,-1.6613656113661588,0.0009140178004652638,-0.20095171800640427,0.10327318031480817,0.12487455310170828,-0.04526408612340519,-0.04429503233472111,"Contour_px226_center[14037, 4386].png"
-1.5456126768565164,0.19790987474694813,0.1655333964907224,-0.5991550817402913,0.0026488481544032043,-0.29674962077707145,-0.8107547390263146,0.04567457016994183,-0.04902067672194992,0.04160863751189872,"Contour_px227_center[2168, 4317].png"
-1.5116513622374037,0.431055462877539,1.2441951288694617,-0.5042653604676016,-0.7728847993626419,-0.0830108025816162,1.0708087389014476,0.03570015640592588,-0.14055090226130948,-0.033612968494126275,"Contour_px228_center[3247, 4307].png"
-2.055051121911114,-1.67379804190366,0.1725258876754728,0.2794072681959913,-0.347728847535586,0.18957022619651892,0.23806366226520193,0.14481269626952686,0.0938819569131513,0.05572433262069201,"Contour_px229_center[837, 4312].png"
-0.37683524526559414,2.949596272356532,-2.8516973313734058,-0.39873425492192643,-1.2717559074716327,-0.19104281183436794,-1.1248846967006796,0.11903882690697976,0.14737312225443988,0.01405331179499663,"Contour_px22_center[4437, 6533].png"
-1.457911514715952,-0.7295220728780828,-1.3236597242492079,-0.9191932167056883,-0.7193662533893632,0.46352019012981716,-0.7507091720747742,-0.04638995468166566,-0.07506668335203122,0.005443833936622626,"Contour_px230_center[12044, 4348].png"
0.5500518186889137,-1.038670924892136,0.6227622685020315,-0.22340854753312012,-0.3250451698578847,-0.668438988204478,-0.12460500096076915,-0.06839129240437362,0.18248123691590076,-0.027455220611411136,"Contour_px231_center[4751, 4296].png"
-2.3337913517673896,-0.4762269298217831,0.32751196042132485,-0.444303280350302,-0.3491495515598756,0.8059311863774029,0.46510825151894825,0.10010325600647152,-0.1208558236281245,-0.005085319531331755,"Contour_px232_center[9560, 4316].png"
-2.103295761687483,-0.8217422913838912,0.018002576205585354,0.9652023971491067,-0.6717127005848577,-0.12804739160504075,0.3703439376988807,0.04718182268303331,-0.06693851117530977,-0.01979769197414281,"Contour_px233_center[2860, 4317].png"
-0.36663210470032637,-0.8616396149603591,-0.19559573962315713,-0.8350911451658196,0.00654119071060939,0.587694230750852,0.10499954461935805,0.24000475413695774,-0.056434322478791904,-0.046948831911420894,"Contour_px234_center[9264, 4279].png"
0.8072057065677526,-0.8762485175036815,-1.3563889266983593,0.48507175731310687,-0.5921598406582125,-0.057481717767711486,-0.5108785358284466,-0.43132923713614246,0.03423031361267847,-0.03090532519320365,"Contour_px235_center[6429, 4358].png"
5.02281100258425,1.4116137022560893,1.6667967388258436,1.371606937154721,-2.2598988917694904,1.5334805595433305,0.019933118843303413,-0.10625241013947404,-0.06466338611211964,-0.011128183302318935,"Contour_px236_center[7910, 4330].png"
-1.8646353073294692,1.2780792203900349,0.28750022173022316,0.6469088349739442,-0.2924780749614641,-0.06581504754536208,0.1337176297988512,-0.174184480157702,-0.08513880955126152,0.09465203054325656,"Contour_px238_center[8323, 4411].png"
-1.1777445913851559,0.10864459376643729,-0.5398849014275413,-1.2820695714689516,-0.5053549276200338,-0.11473821041293537,-0.7517322942138501,0.017968499052406918,-0.04980879833494555,-0.06110048601027938,"Contour_px239_center[4402, 4293].png"
-1.3496106604281821,-2.1951593042739743,-1.1104951675638102,-0.4526357876767228,-0.9085560381730877,0.7544840544341286,0.7513711872730524,-0.013751940742563513,0.03556520834376132,0.011612313377843152,"Contour_px23_center[7477, 6517].png"
-1.7351213122407558,0.5051561768069639,-0.20518078264978387,0.519721237612251,1.4566445316603078,0.6095668131646658,1.9244238479659055,0.07140839932807129,0.041795276676200165,-0.042574144947511806,"Contour_px240_center[11626, 4232].png"
3.2411313192840474,1.8654604258426724,-0.9753018318788383,-0.4053665196578718,0.3308650814404647,-0.6754444433051426,-0.9959036908976229,-0.18670063406192752,-0.3045063004716,0.009063695371984813,"Contour_px241_center[10445, 4225].png"
1.495560147963807,0.46139726937617465,-0.2170005648247895,1.892651445297306,0.9426947930969612,-0.8068440355605742,0.8331341466176883,0.32391169817604776,-0.05304320027074935,-0.031750152192422595,"Contour_px247_center[5386, 4182].png"
-1.4602048979909399,-0.953094581868629,1.5440608988162086,-0.3689161385480255,-0.17908165938278062,0.34214288794462083,-0.08735385365859703,0.0016320632491963797,0.12305219497131334,0.005367770025675771,"Contour_px24_center[541, 6444].png"
3.3850868508961893,0.7607502563398472,-0.7624109088532165,0.3593739471933228,1.285895947746787,-0.8887934623793988,-1.2722710912433899,0.18656699443223565,-0.3523617871961888,-0.11792481260082045,"Contour_px251_center[5709, 4130].png"
-3.7347900698798653,3.3261888172387057,3.212748982776135,0.1939896547062546,2.946173498419397,1.0076377824363263,-1.8689054856796536,-0.5209687211941982,0.13040642501394542,-0.07131690256403556,"Contour_px252_center[2475, 4090].png"
1.3344670061552961,-1.1794599400658474,0.672554254238149,-0.44715325555121904,-0.23280293667990126,-0.18476865463475048,0.20296712614688317,-0.0861730439887365,-0.0876156653720228,0.03655837797997554,"Contour_px253_center[12854, 4161].png"
-3.847927655441824,1.9665270953086074,3.204299444364016,-3.1791009527624525,0.886344340373896,-0.7975695608408566,-1.2883073897181718,0.015533570240583168,-0.013103272542622455,-0.0989817908275205,"Contour_px254_center[5061, 4102].png"
8.227795924158915,-0.7295611361599346,-0.5117343064225265,-0.1721266396101677,0.7091722639868516,-0.40606253041026197,0.28571745696149,-0.13521180170766822,-0.08206182924514312,-0.10886963091108691,"Contour_px255_center[5959, 4089].png"
-2.638138999594256,3.3829409573438394,-0.030898781054448158,-0.7102636810157088,-0.28227039874721027,-0.4565396324166285,4.317724742645102,-0.1361928507410286,-0.28966707147060017,-0.07866459026923948,"Contour_px256_center[1717, 4107].png"
-1.9894016718962542,0.28744714190821374,1.063740518243581,0.5298412067186286,-0.7786597382664053,-0.5540328796506746,-0.3200334197264354,0.18294974161194202,-0.13488584445450902,0.03498684483130758,"Contour_px257_center[13381, 4145].png"
-1.847219532798927,-1.4229291500041013,-0.8978622819980558,-0.12589830942117786,0.3641213456398115,0.3374029121932957,0.16256980689857578,-0.004811461975261971,-0.0968983282560625,0.025766137985040086,"Contour_px258_center[13967, 4059].png"
0.32076466704378714,-1.278270006345315,-0.6634027677098059,-0.9747311649260806,-0.6985800416814724,-0.4049483371310292,0.32578964788924797,-0.21326992256923583,0.08722952741450953,-0.046289005542841016,"Contour_px259_center[2111, 4018].png"
2.737820735195338,-1.121537594957619,-0.6915373147359818,0.4125205943251988,0.44045713674102277,-0.15745004001887355,0.3216724792834508,-0.07024533273163577,-0.05144889046396577,-0.06509406218827865,"Contour_px25_center[8935, 6468].png"
-2.2863721499900875,1.336432009293478,-0.4192915478367863,-1.4107368906465882,-0.7627896208796773,-0.439574415541713,-0.3115400320239021,-0.15400867581886085,-0.18692338536360056,0.11578322242103693,"Contour_px260_center[8940, 4030].png"
-1.0446225951359254,-0.9839843856990299,-0.13416596825104704,0.4276596512933853,0.06196597410998168,-0.3745063030279788,0.37321122873916723,0.042475150260133286,-0.07869919186011189,0.038866354724216914,"Contour_px261_center[7913, 3991].png"
-2.3083909619737377,-1.4935940463767847,0.12345149719106008,-0.16390152118239992,-0.8406135114648724,0.1990593560568013,0.25914251193083043,0.2077037122351472,-0.08551509988210082,-0.015164649148295548,"Contour_px262_center[385, 4027].png"
0.5760348664698451,-0.7745023050086045,-0.7056106932641671,0.12859492615979973,-0.41099041042866913,-0.40379309128935265,-0.29437895013118826,-0.2502871348178621,-0.08327594252271106,-0.06219005219821918,"Contour_px264_center[2804, 3998].png"
-2.859522045417142,1.3087461953425963,-1.149051853752174,0.5689410928034381,0.7132558155751589,0.320977097554883,0.6913352056104684,-0.1421377461063155,-0.15516177969843564,-0.07371360122026194,"Contour_px265_center[8152, 3938].png"
2.720797693984782,0.05903406662530603,-0.5019201065241702,0.07867593046842355,-1.0204050091548662,0.9005114351348255,-0.2667024491359883,-0.2653362709884725,-0.08403239992115494,-0.044984514479582155,"Contour_px266_center[10490, 3925].png"
-1.8250729238235222,1.2059126317563746,1.3232444975944169,-3.1404813101500246,-0.29291950856251314,-0.6252983923034257,1.3917794534793047,-0.0070593979276442785,-0.07916371409360189,-0.051789432293278675,"Contour_px267_center[11092, 3985].png"
-1.988526947629022,0.8814321597059855,-1.326088871847489,-0.05141460510320265,1.2050392538090342,0.48057155678673785,-1.1602898062745446,-0.1634762474636931,-0.23010404613726348,0.19969774015243394,"Contour_px268_center[5244, 3942].png"
-0.34093281049690455,-0.31779811265409946,1.0270598014323737,-0.8900277060238438,0.4489933893469874,-0.718327048035283,-1.0085712966328784,0.09745767044043108,-0.1538621004518309,-0.0870084833739643,"Contour_px269_center[3877, 3949].png"
6.325007738785494,2.352952956966162,1.1287730457010203,-0.41625990228227433,-2.3783990872811778,2.9746990354589418,-0.3613873577770702,0.6127792683804072,-0.4535808892469862,-0.05440711430463237,"Contour_px26_center[5770, 6409].png"
0.6101541065698057,-0.7287220330310988,1.077366329992817,0.5312979675621069,-0.3275206917040421,-0.61213831298841,-0.11185228899198935,-0.16225723978225892,0.0006137082698872662,-0.036656008004112915,"Contour_px270_center[9603, 3955].png"
0.3835845884606711,1.0225624437598118,-0.8803548007379842,-0.5267951741414265,0.9802611125218671,-0.5842310968557882,-0.49038390978047836,0.04280235668406628,-0.0838149042117252,0.21890384209777616,"Contour_px271_center[7654, 3870].png"
-0.8711050879034764,-0.04207888785528644,0.5050052799523297,1.041852859605969,-1.2960997719139775,-0.3584980751069799,-0.2365597671416213,0.11003404278567322,-0.18506653763219702,0.05961538638702928,"Contour_px272_center[6819, 4031].png"
2.855661157970563,-0.10559547528575806,1.0487761809033374,2.2175654310945396,-1.3269138011754456,-1.3515652742720705,0.1275806912902928,0.043977916391177346,-0.050142190959491066,0.009091997613412813,"Contour_px273_center[6193, 3902].png"
-2.512959833919336,-0.3102798236160794,1.8814964454511356,-0.5955075270892498,-0.9024938848602057,-0.1277184560709135,0.075253037918603,0.020131079459204164,0.2338309391397385,-0.006772166122874851,"Contour_px275_center[828, 3858].png"
-0.27896346828442786,-0.6060736246105956,-0.8856404006902936,0.1916287476893935,0.010624276794771794,0.5172405919817246,-0.4001608844883832,-0.03735645170753111,0.02243465175989268,-0.05042815994472069,"Contour_px276_center[8464, 3921].png"
5.155008084801792,-0.16528338692949823,0.5009021406271758,-1.170159346045288,0.18461328289248977,-1.445041560517982,0.19004347640741454,-0.11342538680493511,-0.4466851528233988,-0.11667931658945338,"Contour_px277_center[7264, 3879].png"
-1.5610875742985444,1.0380276478087913,0.2117119035657351,-0.5274029943144015,0.14979035262084728,0.19342031422032466,-0.7590993169894034,-0.07511931896828258,-0.21110478080889641,0.19148141329403415,"Contour_px278_center[10007, 3828].png"
0.8879799658057279,-0.04922669382998045,-0.08581468219331391,1.8395284993706018,-0.7870215876070663,-0.07336643922368694,-0.43905948070670114,0.01962528612893907,0.007024205843106153,-0.004326404394612259,"Contour_px279_center[6492, 3784].png"
0.6223865779157647,-0.7620189906054938,0.5276559242121655,0.9546537386845172,-0.43746479679649036,-0.7544126798108032,-0.09774577079273933,-0.20158864033016358,-0.003795248941746914,0.02947220140426003,"Contour_px27_center[2222, 6460].png"
2.039303302633994,-0.6981577715462234,-0.3861507891536927,0.04072757611343316,0.2629272231593987,-1.0139292746532078,-0.20879329240095773,0.15256967036644045,-0.3165201387343254,0.0004421182532998751,"Contour_px280_center[4240, 3876].png"
1.6455349310654674,0.8572786083603358,1.3843192906418362,-0.6280384276146658,0.4996956192120064,-0.34253261165697413,1.0574900290057574,-0.09503052169335431,-0.15049456272349893,-0.06671865823747702,"Contour_px281_center[3657, 3779].png"
-0.41065449560444284,0.3112870285647102,-0.06249555605556354,-0.6033513984174097,-1.486741446745549,-0.9540641985782129,-0.5929478351981059,-0.20349935643191847,-0.008390171952451609,-0.0604401535668637,"Contour_px282_center[5410, 3775].png"
-1.0244031415962627,3.9830841080170565,-0.046769810666667286,1.1268330146589611,-1.9338089580690843,0.04132165874640855,-0.36183169593886466,-0.14931914546385144,-0.14884963541210725,-0.031114886931493325,"Contour_px283_center[5716, 3806].png"
2.3713901459251763,-0.6887466315454754,-0.41560975900943636,-0.10493303784803391,1.1689119180627143,-1.1485194169172925,-0.14197142552616326,0.1390725832139776,-0.1039039509185149,-0.08029553369398644,"Contour_px284_center[1635, 3774].png"
0.5434816310912208,1.0596131246741758,-0.7711273185627925,0.42951536077917596,-0.822783128176954,-0.25295214072611244,0.7738084033969997,0.041561759396223884,-0.18971426299096505,0.13777134702587687,"Contour_px285_center[5932, 3747].png"
-2.3180216824650475,-1.7324117712474425,-0.39316547831014825,-1.2310681212624401,-0.4767357902117344,0.07025229543070881,0.08412064046118929,0.017715950170065085,0.06929255870896388,-0.01353537700542998,"Contour_px286_center[13901, 3778].png"
1.8184496357023683,-1.0675939828963978,0.9329982293603024,-0.2671067706987239,1.2362639988009687,-0.367611452460164,-0.5784391925595189,-0.04269608895127617,-0.02968558606284406,-0.054260718241562166,"Contour_px287_center[10762, 3798].png"
0.49899371701964435,0.3952762646987861,0.38228256923803167,0.04274908434045808,1.0039416414563298,-0.653149761704653,0.5085537742569703,-0.04234633517274294,-0.014393855201073046,-0.0721867425233991,"Contour_px288_center[3238, 3864].png"
4.8978975623102645,-0.5579287324315069,-0.29791841818489695,-0.058504282985270266,0.4061731450678852,-0.9924748782046093,-0.3419447619971359,0.17921150097713787,-0.3570516662403561,0.0067824584320686845,"Contour_px289_center[403, 3737].png"
2.563973150683457,0.9733522828012244,-1.2800521749395202,-0.5748178481534483,0.3610017480106644,-0.9312656208166185,-0.5439942697314305,0.3782215663553663,0.09563347881321693,-0.03105823804185203,"Contour_px28_center[950, 6376].png"
-0.4571636226472488,-0.48996443396186184,-0.21506752028018913,1.0177461516164545,0.26396337372239875,0.09569457022938894,0.697898713304054,0.3676205428075409,0.10221042955331545,-0.0035913222935777993,"Contour_px290_center[4756, 3725].png"
0.6242715067290097,-1.1714785083983978,-0.5425654051433723,1.5639873590130924,-0.7132874324596018,-0.4609943149373667,0.40497615878406357,0.02748378684080969,0.17177503548132675,0.0012920111708072844,"Contour_px291_center[7046, 3686].png"
-0.5593543501023157,0.7964755722603499,-0.7004099652803875,-0.31396375170232454,0.05225650708165693,-0.5419334273629338,0.16607300141799555,-0.15730154061485255,0.15715475048917807,-0.05528730631689854,"Contour_px292_center[2748, 3667].png"
-0.2518265015010386,-0.37620285463561437,-0.011557707865681926,-0.07456934418172166,0.06705509708722715,-0.5610520850475855,0.6667809544368487,-0.18104757909508057,-0.005778257485645726,0.07575875003817804,"Contour_px293_center[1203, 3745].png"
8.413477746220607,-1.081641609702286,0.8570649983358569,-0.31370830898415714,0.2818179640727184,0.9089461530522496,-0.06772559035693752,-1.1281832757369727,0.3251138303449021,-0.062475098543398756,"Contour_px294_center[3905, 3651].png"
-2.041217541433698,-1.5972646961957935,-0.19528122073054296,-0.04016840342543321,0.314120482531423,0.4024989344152152,-0.19787578716949925,0.1629021945552713,-0.009126893595102907,-0.03957972143276233,"Contour_px295_center[11543, 3687].png"
-0.017550170846119435,1.1467422360346817,0.38215234630024547,1.9112849260772615,-2.012822458592832,-0.2519941422772544,0.7591998342098618,0.16787810650826027,-0.17123978690011812,0.0007129235906449347,"Contour_px296_center[11183, 3683].png"
-2.572956334289129,-1.8625672444162622,-1.4027528975321384,0.3506394531012034,-0.6482941330300444,0.1605096646958748,0.4492556717030033,0.03548364677884919,-0.04126275862616389,0.0030869026904554397,"Contour_px297_center[8021, 3700].png"
-1.0174700766323161,0.011913118581885224,0.07917304677039587,-0.7203819463357668,-0.6763818162244726,0.254072338419937,0.3050820576119762,-0.05090513385869449,0.09135539309189723,-0.03158125598145225,"Contour_px298_center[2026, 3654].png"
-2.997662176150898,-0.545805859146137,1.8441698029172582,-0.21339043639569102,-0.07556780616499123,-0.516287530835857,-0.564731217940688,0.12313590129317176,0.05032088538425969,-0.014770881866897954,"Contour_px299_center[9110, 3700].png"
-0.04614614668533005,-0.6185495974208708,-0.48440718845588,0.8524594998106475,0.19070223955786014,-0.503469998089511,0.7616986509846213,0.2658632494187297,0.19993573935360448,-0.0047093378760644814,"Contour_px29_center[8398, 6451].png"
-2.0525157074517795,1.758250943150598,-2.029571291344268,-0.18771354574314686,0.03432937356743195,1.0477436858303604,-1.8451481686917883,-0.2836138565760638,0.02259590377539924,-0.07230775304799511,"Contour_px2_center[929, 7003].png"
10.835101757476268,0.2953669814614049,5.764660604000206,-1.0126196647254402,-0.7071094869579206,3.094004158964322,-1.3338549190589157,0.243418653261837,-0.37024120623742507,0.0766099129945446,"Contour_px300_center[4488, 3602].png"
-0.034378557343364764,-1.1483334638508922,-1.283742680364042,0.6149246790394347,0.8866296468486276,0.25694543034523654,-0.12423896675341697,0.08581473412857936,-0.046116685035515005,-0.052456659379641474,"Contour_px301_center[9564, 3629].png"
-1.7228667158549065,0.7747729239555571,0.6249484097400594,0.48495939184041026,1.0811291287788114,0.5992239422065179,0.032507059116993725,0.14976922633045828,-0.1828311425608923,-0.06472596618241291,"Contour_px302_center[2383, 3662].png"
-1.2624611806916635,-0.0822817555422972,-0.7513465971658838,-0.9944129658314753,-0.310336324686988,-0.18564248565253666,-0.3173228272117847,-0.07170477985225032,-0.10142407193359297,0.14485125835481363,"Contour_px303_center[5676, 3578].png"
-2.7325291405238197,-0.8842140430394061,0.74115359255493,0.34859342006641264,0.3488449768272648,0.44453153582286487,0.41182180761059844,0.26295028765105555,-0.12368721515292334,-0.035721370445993265,"Contour_px304_center[4021, 3575].png"
-2.2591948339973835,-1.3468994434635573,-0.792102500894142,0.3544598228935424,0.7955425485451737,0.0043158216864288374,0.538588638281161,-0.031084054466799096,0.12330980134705506,0.06605242150612478,"Contour_px305_center[7652, 3584].png"
1.734214597863762,-0.2853126875933249,0.9166263931382809,-0.3300079390092527,0.4358179412384455,-0.5552955055238143,-0.06096794546877138,-0.470677654397865,0.2124186257864448,-0.0671655246651905,"Contour_px306_center[13289, 3669].png"
-1.0646370219962498,0.18945076261449117,1.2120705337373587,-0.831871580597349,0.7930279612904976,0.025163144182447434,-1.3260136237085491,0.02617836439905105,0.2775735668948608,0.009990584838688699,"Contour_px307_center[4966, 3584].png"
-2.940464730343973,1.6585020147071006,2.191173811754814,1.4098405609580975,1.0927214613473004,-0.022557620690417852,-0.48522110629370446,-0.040096234657421494,-0.11729937798816466,-0.014660852382192852,"Contour_px308_center[8337, 3560].png"
-1.5211712518793439,-0.8172781972400296,-1.787959848039546,0.08073999717655658,0.8045687990116256,0.5198221660346133,0.38616819884286846,-0.01832337261165016,-0.14857988137560618,0.13811484960677284,"Contour_px309_center[6488, 3543].png"
-0.9748692888422116,1.0301189957446644,-0.6166963522272314,0.44462991465556934,0.35846436628436995,-0.23706475253312223,-0.5119039704700021,0.23576563860603258,0.2345141925340317,-0.003986275626766684,"Contour_px30_center[1712, 6392].png"
8.218503949693318,-0.5521821583046754,-0.5381439757176238,-0.03279794612506482,2.439727067550859,-0.6537842517518082,0.015402641594144822,-0.2763105467861852,-0.6557669405774018,0.35022163709586507,"Contour_px310_center[6222, 3564].png"
2.5016082716796766,-0.9069142227683943,0.21808527783847334,0.7195654506514265,0.0023399723288407403,-1.123814034922894,-0.10622005002427481,0.12050373812647294,-0.1793678138403745,-0.06691010635787445,"Contour_px311_center[2964, 3486].png"
-2.162280376279622,-1.4219293196872733,-0.6095337168101422,0.47035400513243475,-0.12226947720057524,0.3892419155535593,0.001065326768419845,0.07112704480070665,-0.08145144864484688,-0.0282526979245797,"Contour_px312_center[808, 3533].png"
1.5894343262499255,0.20028975860772816,-0.32794246486146045,-0.9626708065177165,-0.21061820015693544,-0.8311580342233764,0.23842846304053084,0.00992368294366621,-0.38680399494249573,-0.03303431220196817,"Contour_px313_center[3549, 3514].png"
-1.2527226458423975,1.3724031004985604,2.5349785170073296,0.692977418479265,-0.9234842142298946,1.5379350700398016,0.44944366574073713,-0.261444986419368,0.4289697451381203,0.035618633645493704,"Contour_px314_center[10138, 3528].png"
4.348574759998918,-0.010463741452195092,0.03977740278412189,-0.633300665081125,0.2671083416422618,-0.5051416546657931,-0.2419019929052297,-0.5992120604709558,0.052599212984837065,-0.09655785023096268,"Contour_px315_center[6808, 3470].png"
8.493699299947485,0.25889999014258114,0.02359022637415147,-1.6450525484201044,-2.086447913811741,6.78775600566661,0.6021606524254185,0.9574691534659259,-0.8364230504866479,-0.09354491962859642,"Contour_px316_center[11373, 3433].png"
-0.5632209303346067,-0.679706985030906,-0.21988271472800008,-0.20741602602308115,-0.050408521949299,-0.7049759438897738,0.48673180632500385,0.026189137625735173,-0.22718005911598219,0.007188946399408999,"Contour_px31_center[3977, 6396].png"
0.44590267021069796,0.4280031340285108,-0.43699739624617334,-0.12007194687481978,0.2816838799808731,-0.6105388692724919,1.041605683018803,0.6321406854812566,0.5150417932669098,0.04459713299874113,"Contour_px320_center[5326, 3504].png"
-2.785506963464017,-1.1898232653316973e-05,0.8885704653046939,0.21533271169822277,-0.12909707583984342,-0.31111638602036423,0.2948809830051025,0.1892794853165312,-0.12711544604390404,-0.01903960654946208,"Contour_px321_center[8633, 3484].png"
0.5382602760631381,-0.6175015901953125,-0.06262970453681357,-0.45001644955540104,0.09911318285667323,0.021421665153343306,-0.05185814953341775,-0.337486789104657,-0.03908081177071729,-0.06942261685579845,"Contour_px322_center[12450, 3438].png"
-2.157846781758746,-0.9843633814799403,-0.18109463329062914,1.0673809017114146,0.27546663194501364,0.6815737893940972,0.4609166101188692,-0.20879242722087057,0.16292367660426108,0.009011128008387062,"Contour_px323_center[3220, 3440].png"
-2.2088525189103088,-1.6327403950930106,0.6121449352268502,-1.6953256898280744,-0.6080121691555236,0.9051219818731997,0.06468520995851056,0.14298261628189282,0.16224886245382955,-0.026705807646059856,"Contour_px324_center[324, 3403].png"
1.45331347657992,-0.8299457919404049,-0.3734394623980098,1.6338913934600703,0.6700111338417423,-0.3167981430638472,0.3910544294303055,0.22129462324749577,-0.07280891263685797,-0.034641428575129356,"Contour_px325_center[13853, 3455].png"
-0.6280983522348906,-0.6237307828211954,1.1746098268556566,-0.5319323265231828,-0.2907656212592927,-0.47362813757773814,0.3877148703280871,0.11136892009991028,-0.10594876278183231,-0.04283920389196488,"Contour_px326_center[1724, 3345].png"
2.3037539507250466,1.9772824260574304,-0.8037117079573594,0.6477724160372219,-1.3920128448902702,-1.1986512083733227,-1.179051973233403,-0.030155299255481764,-0.08273565349991605,-0.05707798809357898,"Contour_px327_center[1245, 3346].png"
-1.509537808455003,-0.8535211122524347,1.2044368391616618,-1.0572990241845883,-1.7667167129586312,-0.496933673842807,0.2917263080124135,0.18238200522354797,-0.03876306140749802,-0.018512909908291197,"Contour_px328_center[3927, 3341].png"
1.4289412863729845,-1.3401377841295006,-0.941390912845428,0.881560136528407,0.6420478295509748,-0.5436866724431915,0.4071772618138103,-0.1191698584163483,-0.25338109875134496,-0.07502723445698616,"Contour_px329_center[4680, 3362].png"
0.7055436208040966,-0.9204844084788907,0.7112030572474368,-0.5671009548396292,-0.4379319663187311,0.7628145787033799,0.4693845960161866,-0.2561345524791611,0.1405440405716026,-0.018608354205656798,"Contour_px32_center[9439, 6344].png"
-3.6082857302719886,2.5771895706950683,5.107270972527251,-1.6622156735652935,4.677284494230402,0.12639625291292417,-1.6074347177342099,0.062434297768629285,0.022420866078024602,-0.008137512350359026,"Contour_px330_center[8277, 3311].png"
-1.9511054798514151,0.5227108440623427,0.9114837265118368,0.7947543123334796,-0.04645530272527544,0.3450271438659204,-0.0916760382125231,-0.15226947906700955,0.08181391064791385,-0.029323033717837458,"Contour_px331_center[10885, 3406].png"
-1.1433791276185958,-0.00710124892674682,-0.9414527469595412,-0.21354612358534047,2.364604347468273,1.0096979825179808,-0.8532972862797902,0.003079790005600997,-0.01943526289701232,0.31698647785460293,"Contour_px332_center[7348, 3414].png"
5.471485593685274,-0.39279675255748886,0.17091847203791877,-0.42931625641266064,0.6702610060448542,-0.011793660403852272,0.21250557986453084,-0.6344204781308462,0.25781089505815535,0.19599879594652866,"Contour_px333_center[2663, 3298].png"
-0.6622176728137279,-0.01846444283397117,-0.7307656689358017,-0.3795794341440763,-0.3573208933241285,-0.39136021157950185,0.038939754253472784,0.03797725837309275,0.0354367188917075,-0.03868498667073136,"Contour_px334_center[9806, 3255].png"
0.4836133138511248,-0.15549905771458974,1.127998417407021,1.045987521065945,-0.8525205180371163,-1.345375098536851,-0.3412892648109508,0.03128577176528963,-0.16846537598494402,-0.035811626701609735,"Contour_px335_center[6335, 3280].png"
1.6180530375544326,-0.3830697948521135,0.7921427670284619,-1.7692656011552685,-0.10169718149560514,-0.288740758921095,0.38246210703785344,0.0036730563598362273,-0.0008291921534521001,0.10568169250407511,"Contour_px336_center[1913, 3257].png"
-0.8581797266413504,-1.0241520264513149,-0.491682721592138,-1.009820167432045,0.1933668063513444,-0.10987513996001123,0.6813015695308691,-0.07853770551815294,-0.025890987915764236,-0.06205323651635256,"Contour_px337_center[8037, 3255].png"
-0.17044269582543298,0.7986112680650695,0.9464457539287979,-1.1526495765138491,-1.2904287854883798,0.6810419586786525,0.11926604914634831,-0.27825737232550873,0.1514082953359755,-0.03283670218341232,"Contour_px338_center[5144, 3207].png"
-0.24065759811288107,2.6024079806906437,-0.21772532049061624,0.5517776346652543,1.1128086039680714,-0.1535369542112632,0.3050497338009997,0.21649872598843625,-0.036561179000597924,-0.06031829631557203,"Contour_px339_center[4931, 3241].png"
-1.8250868151312385,-0.021788380212113975,-0.24813163158286705,-1.3541216851823104,1.1684040468780728,0.025877789590004804,0.42787733473506456,0.15548297535702438,0.13417244332146477,-0.03462057615105613,"Contour_px33_center[6472, 6363].png"
-0.5705569242811009,-1.0722920858538776,0.09656467625930362,-0.7951469598682104,-0.9901845742000497,-0.02096982364707062,0.27346204494764004,-0.004557435574969858,-0.005853447469599528,0.07174580267440774,"Contour_px340_center[7669, 3222].png"
0.22824660328274046,1.175443710941714,-1.231075615420615,0.13144046663729736,0.40939905306064717,-0.3883779453630132,-0.49759906315878905,0.27340656683273773,0.31547285252303314,0.06795545396800051,"Contour_px341_center[5789, 3233].png"
0.9556090406398028,-0.26020091872235257,0.5729745867782347,-0.3758539223188753,0.3559373670114233,-0.17843717929562264,0.5231005326587478,-0.11872055863635554,0.048861503610926144,-0.0523184507424335,"Contour_px342_center[10670, 3207].png"
-0.21530141700537617,-0.06115224323444529,0.9110073139080974,0.9238499676077315,1.1217250975577469,-0.759012830446815,0.022969123220694956,-0.006796388745741314,-0.1934933834134419,0.2355429008346191,"Contour_px343_center[6768, 3198].png"
-2.323795546218643,-2.0330710798672222,-0.17474469081136224,-1.1967029788515096,-0.57060307625832,0.37378794783395786,0.20174155284895334,0.0933999583892602,0.13201399096913594,-0.020544007943320276,"Contour_px344_center[2258, 3240].png"
-0.49411887643294267,0.33396227848151516,-0.966233697095768,0.053780416148754444,-0.23655537824049785,-0.6785255150100085,0.12980396289916238,0.1478614955923114,0.032920357148013925,-0.04602869880123319,"Contour_px345_center[6051, 3165].png"
4.563533335264979,0.04415748485293137,0.3346856305641374,-0.17825632850301487,0.6146709898655869,-0.655736646905754,0.46612877172577416,-0.12649836500125006,0.18743132463218815,0.11609804777967402,"Contour_px346_center[6546, 3151].png"
-2.3760002198023837,0.034098633150155336,0.09581537868779416,-0.86798690611501,0.8372630195261253,0.4781763800379085,-0.9940544977763582,-0.12396560589334829,0.1967669357759271,-0.003598712299278901,"Contour_px347_center[3698, 3187].png"
1.720906658470459,-0.8854092110816256,-1.4695644797516016,-0.0600168941010168,0.88070247770016,-0.4482738470982501,0.14471861261998553,-0.02619419945033827,0.011402895963076932,-0.07462908221321425,"Contour_px348_center[2930, 3184].png"
-0.6631698232604921,0.3972339514878682,-1.8642311947405334,0.923145429250234,0.0023802811230183717,0.055810724170780285,-0.11337901337894234,-0.16578508364350755,-0.05949687251901549,-0.00936585499353392,"Contour_px349_center[9560, 3247].png"
-1.5418260107588762,1.1997227788665143,1.1724698720408389,-1.1855728319120344,-1.7661746441587254,0.5111525585165622,-0.16294247459027433,-0.4451476229157998,0.35628237420793973,0.17930528613174335,"Contour_px34_center[3687, 6340].png"
-0.2254046646534476,1.3636914998374075,-0.6545282024318101,-0.5020658341692155,0.21419164955641082,-0.04090015199538982,0.34066783694713315,0.1528644739629989,0.14676144414501205,-0.03494982835748456,"Contour_px350_center[4691, 3144].png"
-1.34582222189651,0.5641161570415402,-0.6752467343173171,0.6165710034997507,-0.4767429284228882,-0.21358681553265152,-0.6122947648185133,0.0344060582699379,-0.09735771424811533,-0.04911471852517393,"Contour_px351_center[7061, 3165].png"
-3.3055299646283873,1.770648262697192,1.7668125453148695,-1.4522885739017872,-1.9043222868873897,-0.637169034355826,0.15927323159154988,0.005237526253957508,-0.12018766119148193,-0.0571871415188683,"Contour_px352_center[10340, 3192].png"
-1.0565627423455652,2.295105848256584,-2.1120466051340547,0.6369534072979361,-1.0024577810833335,0.2819739657695408,-1.5039919585982913,0.04878730058683812,-0.035717864951800266,-0.036128331309103395,"Contour_px353_center[8445, 3105].png"
-1.2116440101003902,-1.206585932013985,-0.7244753595281485,0.008286279908605833,0.5022781282579312,0.010436424165635982,-0.015007686359943625,-0.021161935751329457,-0.13778562278237858,-0.07292093265075837,"Contour_px354_center[13406, 3202].png"
0.9315874362504476,0.057486087279866156,0.8342897643318656,1.6566959480576549,-2.1578814356569405,-0.9185507090737923,-0.11603965118358378,0.05261683917168936,-0.047007825540101286,0.0013039608962619144,"Contour_px355_center[773, 3070].png"
-1.9173610215279209,1.1954312873644504,0.3329160777218256,-0.15606538021976127,2.2836741013973185,0.8483377161678525,1.9222229986167516,0.09267916757972397,0.1338185559033083,-0.054601304571744474,"Contour_px356_center[2568, 3074].png"
-0.8952193605697433,0.6930913008871221,1.0579191085348643,0.541279830553488,1.638193464700768,-0.5077644934523323,0.26815860809228265,0.17647104204500424,0.03673721701198878,-0.05506020873005926,"Contour_px358_center[3229, 3050].png"
0.4183817515645019,0.3281531124684416,1.4609036353464593,1.3159407962315672,-1.5897247549955176,0.717036746640351,0.32148644404947163,-0.008313278826115756,0.1507709953374507,0.015608159203397155,"Contour_px359_center[5441, 3055].png"
-2.639413544813138,-1.5378636997289796,-0.4676328570256309,-0.2224698056648618,-0.04340345230133994,0.09770174159082841,0.05426776676261689,0.03285600980765112,0.026644801766403176,0.005340411373556023,"Contour_px35_center[11295, 6333].png"
0.63211958070422,-0.04787471397975858,-2.3612002033781705,0.3261872794503571,0.40809059602329373,-0.320492331478119,-0.9425750443109903,0.3439409311425399,0.18357311971494025,-0.024368033492491687,"Contour_px360_center[11248, 3098].png"
-1.63209109291011,0.3081136346967715,-0.261388955658571,-0.013246563343416713,0.5201635120537736,1.0739032458318956,-0.8668575698164072,0.14731141258314182,-0.05315247701736157,-0.05019817698259071,"Contour_px361_center[9200, 3153].png"
1.2318994269759989,0.8015382006956778,-1.0707164443209614,0.26093176493688536,-0.9028783765294585,-0.5787896381376636,-0.26154580050400483,0.24618020188182915,0.25952886409633436,-0.004178081507089153,"Contour_px362_center[8827, 3098].png"
2.442976700126736,0.31107877010971047,0.4139830233202198,-1.9312071870109164,0.02714347357073735,-0.24273622999091854,0.8535053866801746,-0.12001529280476772,-0.07432496229808394,-0.06570917340663751,"Contour_px363_center[360, 3021].png"
-1.1914769810127817,1.8335070282604915,-1.5504983141623903,-0.09613905086608633,-0.41678807680369523,-0.30020630330820575,-0.5193774404070135,-0.16349431605302414,0.036560720127177655,-0.05880014043958113,"Contour_px364_center[1174, 3046].png"
1.5316789261017913,0.7705998660176873,-0.9147964697574784,0.5997406955432233,0.43296162683266737,0.6672183646352163,-1.3149437850027603,-0.024659579151416443,0.23799399544126848,0.08044919740302287,"Contour_px365_center[7272, 2986].png"
-2.737979193361293,-1.5466294999280565,-0.8357187750946206,-1.150043711235702,-0.09134251128828148,-0.07291994391683355,-0.28573095029561335,0.06611629564124677,0.03368102132428057,-0.0504431485406906,"Contour_px366_center[13976, 3038].png"
4.478473198329985,-0.27805796000998384,1.2803206544054202,0.2086341695194879,-0.597783463371161,-0.24201971235210235,0.18103275106140723,-0.6613502877346469,0.21011373060627092,-0.05025130888130576,"Contour_px367_center[7963, 2963].png"
-1.876186337137178,-1.2793380877442269,-0.13924347576397084,-0.0502506680307751,-0.2934171827819536,0.6707786146488047,0.28999616709415516,0.3167794078514325,-0.180681868942437,-0.015578974601927946,"Contour_px368_center[6196, 3005].png"
9.712684442158489,1.456725417437548,0.3236746878921878,-0.49928695636270004,1.7462210113896206,0.30378693352024827,1.5055633537320892,-0.4711442794757866,-0.08313675288423984,-0.01095879493763558,"Contour_px369_center[4377, 2997].png"
-0.30962524735086605,-0.9050750801326624,-1.1347997825837806,-0.7710069424973813,-0.08115061605838816,-0.49040546093209614,-0.21543539896010347,0.0026726841623756956,-0.023969997827632296,0.23882721633453285,"Contour_px36_center[6836, 6341].png"
-2.0935131402456775,-0.08534429688338437,1.8519719238235715,2.1993749916520593,0.7678967022530097,1.5127972512081818,-0.4713901561389332,-0.3693056140909195,0.38047797582206183,0.036020129557238934,"Contour_px370_center[10875, 2944].png"
-1.6978565429984893,-1.1771529350053465,-0.10607125218245406,-0.7389098796606796,-0.26257427255739124,0.2430409494848916,-0.1693695743176345,0.11609800836278854,-0.07392388559784338,-0.030899365001365545,"Contour_px371_center[3715, 2956].png"
3.214442746788132,-1.1129697939533043,-0.6410275777327447,-0.10081916988635468,0.1304267393765859,-0.09160477347790691,-0.3360390114402004,-0.1104878176422106,-0.2424411256182809,-0.08815371399083541,"Contour_px372_center[6685, 2901].png"
-1.4337492787469803,0.2833755916814832,2.1078820291404363,1.3449296381453437,-0.9662996435137673,-0.4920939718897171,-0.7787853559712983,0.16495967392037367,-0.21323958687948466,0.004850368191422928,"Contour_px374_center[6472, 2870].png"
4.897530156293384,0.40929581386333286,-0.6160632818149313,0.3748687050486778,1.346794895267337,-0.7602065672978691,-0.20749442071230034,0.30967996685098337,0.20504372607989335,-0.03703664676412502,"Contour_px377_center[2974, 2867].png"
-1.3869540446101454,0.11790486791458647,0.35379853248091003,0.7153228090002309,-1.3212576016513622,-0.6781369141227744,0.665636645748667,0.19092456887767828,-0.09096056710220797,-0.01373759407803093,"Contour_px379_center[2284, 2845].png"
-1.725571741653214,-1.0575989791694598,-0.0769631677713374,-0.14443590971354725,0.22253877397811245,0.08923817501948236,0.18771270765882758,0.012349931981965753,0.08065036963666632,-0.04136898202430489,"Contour_px37_center[9806, 6390].png"
3.446518797780384,1.1240156888535953,0.29702701251168306,1.39536037059685,-0.5128726070495241,-0.7272936674267612,0.06663988781096053,0.3850606011660627,0.543180055719687,0.04675973657837227,"Contour_px381_center[9315, 2811].png"
-2.749504454442244,-0.2581773625144603,0.2571846372349526,0.0037209861346297526,0.3941022952632116,-0.027883399471780063,0.46366696360564674,0.08781173326349967,0.009538199304525161,0.035944599908913355,"Contour_px382_center[5726, 2830].png"
-1.555224074898881,-0.0680545656140113,0.9797092346815207,0.9925311000362146,-0.9569027264525293,1.404608886757592,-0.15053095626419982,-0.5522139544474755,0.46494890399049077,0.16369565444011921,"Contour_px383_center[4080, 2825].png"
2.4169022188448492,-0.10499418263072012,-0.3215375926540094,0.5562862888783405,0.5805310277055329,0.46120764113595236,-0.49415514506614117,0.3001106364786979,0.35714236508503483,0.0016605688625901621,"Contour_px384_center[9824, 2805].png"
2.173570708691592,-0.33324511079667285,0.7473684041027027,1.0054162364129162,-0.6005934988426195,-0.7582193114987898,0.11636662733288139,-0.25832634943104527,0.16979482970535836,0.011719932842473819,"Contour_px385_center[8903, 2787].png"
-3.2683534930597262,-0.15467197447355954,0.636480259237776,2.161709044627621,-0.8759268735436996,-0.2975543968118525,-0.773725989676362,-0.09464628866186545,-0.025140560983239985,0.023531377150012706,"Contour_px386_center[7524, 2800].png"
0.49781090353888263,-1.0111246701458159,-1.5751618067467692,0.43045666711687003,0.2070765740435846,0.6186527077608206,-0.31561929317490117,0.09253915652090813,-0.022626216527791784,-0.044354072926474,"Contour_px388_center[10630, 2851].png"
0.7193321430298539,-0.39023989473688375,0.5669709664040955,0.7689996200024026,-0.8711147574002892,-1.2804837318722622,0.06635729750808012,-0.22254632495073115,0.03107537792454,-0.03561483385288608,"Contour_px389_center[7069, 2826].png"
-1.9038484651430445,-0.5589167082488986,0.1398770134141413,-1.4548887311122267,-0.1568883333505228,0.08185330001795708,0.42564948198908137,-0.058270422252715025,-0.012145057236806879,0.01214580139783543,"Contour_px38_center[2811, 6337].png"
7.458025243319145,-0.18217784696322264,1.9634985897222879,-0.05106341628484823,-1.1415235857921027,3.630757039513312,0.3160402895722752,0.3250311503638412,-0.33094412771433634,-0.05496119810399666,"Contour_px390_center[2586, 2751].png"
1.9593935955760942,-0.6138901943841888,-0.49925914838919316,-1.149519985792808,0.05490638333324998,0.2665731542204222,0.528116248283047,-0.03659822839508486,0.3652068263521367,-0.03812673130529889,"Contour_px392_center[3343, 2802].png"
-0.2963637610241773,3.055074679443251,-1.0765647772667464,-1.152702150538111,0.35894850181695426,-0.10895549925532616,-0.15161440759504666,-0.10009876339403437,0.016171004826665454,-0.0967393559809347,"Contour_px393_center[8475, 2737].png"
1.6804371405079506,-0.196622417711947,1.438431930724657,-0.15914338113843388,-0.36863166510071266,-0.9565453642034232,-0.5549276575316653,-0.20791786062545572,0.08407092018379014,-0.03928194201203801,"Contour_px394_center[5399, 2735].png"
3.276246656414519,0.7061077058980323,0.42823418890889536,-0.6638552577386574,-0.7027200463058763,-0.41391775543679754,0.5413690670048951,-0.12667755940560138,0.2006142565626728,-0.03977621825697803,"Contour_px395_center[1578, 2716].png"
2.3325382085796402,-0.30835951784968474,-0.4795183378127648,1.7797732108244062,0.023306482555696856,-1.0064575374145834,0.696175782515882,0.12411164247453432,-0.3462581659475481,-0.06643849182945116,"Contour_px396_center[10106, 2711].png"
-1.5641855495033932,2.4374526186013106,-2.8614667864039665,-0.3909504072154396,-0.5253344871284434,0.656244595836517,-0.7753679072221221,-0.35302447044785146,-0.22484906756999057,-0.08233856569995072,"Contour_px397_center[4537, 2725].png"
-1.0543632172882276,0.9010596307043993,0.44340562556295193,0.6444074197688652,0.4703709263898366,0.2910795090086736,1.3033990538856892,0.22516772607091917,-0.10595855919926127,-0.04176391594216757,"Contour_px398_center[2361, 2606].png"
6.29736851199171,-0.292984853639424,1.8388930315571932,1.0151774948681227,-0.6599342092975242,1.4553064289783582,0.4138602804225833,-0.05018917073240421,0.021374356700552696,-0.005715774681631341,"Contour_px399_center[1197, 2663].png"
1.2998243692266924,0.39707988600765226,0.8808298972691918,0.728526942360776,-0.547688554207927,-0.6497296575568737,-0.39858923028798277,-0.14632248510436005,0.14483101577163177,-0.030479645442166067,"Contour_px39_center[6051, 6292].png"
-1.2158016862031213,1.3297489727579013,-1.612656959740651,0.3833782644467328,-0.9276317994985482,-0.22941765353183724,-1.2647874490793987,-0.0592695249464103,-0.03179764487630568,-0.03677320372421685,"Contour_px3_center[1324, 6884].png"
0.24492199654481156,0.11456932414723675,-0.361004536643509,-0.16529565534605212,1.3519999844970565,-0.5851207556168057,0.5453559067138767,0.3743335584225656,0.17701696810265813,-0.03780045186838544,"Contour_px400_center[4233, 2631].png"
0.02672805899312167,0.010809672591576952,0.2978444825481369,-1.517695948996902,0.23294998779828552,0.4827907980511399,1.1045457997497223,-0.012961783600024056,-0.18672771071615168,-0.0035406295980873552,"Contour_px401_center[6788, 2610].png"
0.10797556894376766,-0.018545646267673403,0.7058850509016132,-2.158959196505036,-0.24144837179577075,-0.5030355404916571,-0.5039869477652671,0.11679463887640369,0.25794581484856516,-0.05623302835477152,"Contour_px402_center[6338, 2591].png"
-2.319918502988942,0.18075734140208538,0.09265002050663994,0.25902281203643374,-0.5629326419338746,0.006690970218753035,-1.1096105177237727,-0.19730954818565308,0.02385307967254429,0.03998824890422821,"Contour_px403_center[3116, 2576].png"
-2.41015819590776,-1.1200240467316651,0.9020183877961692,0.955403031603416,-0.8254195448682835,0.45657170918941653,0.10069239069328322,0.13382397447715993,0.11852743227286243,0.052851991884585774,"Contour_px404_center[7268, 2610].png"
0.04813019576002764,1.178515723464246,-0.07010018508894003,0.03239648855581625,-0.567463832682552,-0.2634658158548025,0.5299029826608532,-0.006452321037905009,-0.0002433247716964212,-0.051761710001581,"Contour_px405_center[7685, 2577].png"
9.685569028186723,-1.2552781641029038,0.30611467063847925,-1.2288438310217262,-0.5665374256207708,2.6458395896792344,0.381124856308189,-0.6548587056567223,0.17851141185105526,-0.09504998904469736,"Contour_px406_center[5995, 2571].png"
0.4121971584905808,-2.249031652849941,-1.767051316363933,-0.7145864834024294,0.00445280405814314,0.5486434012669154,0.390979649244432,-0.1653688884457598,0.04363954901704212,0.020339140693487724,"Contour_px407_center[444, 2648].png"
-2.898875684356056,0.09339834108162966,-2.3112860054579447,-0.5506341438961991,0.22654345296397485,0.303935798913586,-0.2197240892021047,-0.17258811176164662,-0.15708271253072054,-0.08310361658892965,"Contour_px408_center[6192, 2582].png"
-2.5474239212794156,-0.44425340127657387,-0.4041420995218557,-0.37083286549716954,-0.1841817815757002,-0.3572709012710846,-0.252341262576933,-0.12033916392326974,-0.007393740324412301,-0.05235677712937484,"Contour_px409_center[3705, 2582].png"
1.8510533668399414,-0.8769399459277669,0.3018092576284089,-1.3839276053685088,0.12463467387554467,1.0677089282126508,0.7051850914487332,-0.2078108816790609,0.20059652349809234,0.30840770176942056,"Contour_px40_center[7340, 6272].png"
1.1026367074994767,-0.7059662003152615,0.4384727690234338,-0.6908519423704019,0.3155154938120125,-0.04738244925719165,-0.03480457796513016,-0.2189943726362222,0.1327542315447721,-0.06722025711499663,"Contour_px410_center[795, 2628].png"
-1.2991325194496477,0.4742291247923106,0.027559333271655443,-0.4269741673171316,-0.7919444824433475,0.405849392729417,0.28893384966673125,-0.03274753492715287,-0.004163619392209518,0.02678549809140304,"Contour_px411_center[4823, 2561].png"
1.7831553433613265,1.7916938083505187,0.3803446019553722,1.5298902794264422,-1.3575851508623118,1.0755852063331668,-0.8123515884442731,0.34944372283998254,-0.12779202192821962,-0.010574947083342945,"Contour_px412_center[8071, 2710].png"
-1.900798136828292,0.14847578002994427,-0.1337510365162764,-0.8354769658360035,-0.5887854182962354,0.4622750770934308,0.1994237569063835,-0.19082457622776802,0.10341630510297592,-0.04891720755320123,"Contour_px415_center[3336, 2504].png"
4.065864653718832,-0.2520383529483518,1.1056929152335255,1.3227194095770665,-1.4181458185758178,0.4070691446890459,-0.03451545070442375,-0.18536339509801703,-0.0049331423822576975,-0.015604160942875481,"Contour_px416_center[10538, 2516].png"
-1.7936102367817977,-0.14610164791671956,1.612895226610377,1.088783081102956,-1.396626975702606,-0.7416172132731503,0.123543248439834,0.2176989354989886,-0.07640376568117918,0.0035174100647703452,"Contour_px417_center[5241, 2497].png"
2.1543425454307537,-0.820422064622174,-0.23820698803299875,-0.4943150539735304,0.5999610577741086,-0.4843639054425144,0.28967127748880855,-0.5263788454702266,-0.0522174900075601,-0.06046802442697621,"Contour_px418_center[6502, 2476].png"
-0.2695467665123825,-1.886698169342248,-2.5191818499891907,-0.10252284706979255,-0.7616920400366882,0.45384612810759195,0.24504036894139833,-0.07539314115522293,-0.00603795127181707,-0.023442752116929248,"Contour_px419_center[8608, 2511].png"
-1.2779153669986187,3.6603267215806317,-1.624210650784479,-0.5521343547022344,0.9883815857860263,0.10760685234636908,0.3689616016737259,-0.1469654524259028,0.11892642130353363,-0.07420708574089364,"Contour_px41_center[10912, 6336].png"
0.9269150340020637,-2.3510037316542527,-1.6291028198246595,-0.22006973840982963,-0.25245119048278025,0.1155070728075349,0.7045903570796043,-0.3098278041893437,0.08939906350245398,0.009274891511304492,"Contour_px420_center[11052, 2532].png"
-3.7852088387671348,0.8648573000872588,0.9520740150345129,0.9441476153445574,0.9270192858134924,0.3104299551457564,-1.8362803105785364,-0.11974196197154392,-0.14316135423695805,-0.06461262152969909,"Contour_px421_center[5465, 2480].png"
-2.627233806587072,-0.6823309522562454,-0.4466398185407052,-0.7301665635351146,-0.6943998903158947,-0.4643150511216809,0.14994627964591287,0.021304641359952057,-0.12478735485471756,0.011720170938222106,"Contour_px422_center[4034, 2468].png"
-2.000744778018923,-1.4871003712633757,0.18056937742148246,-0.573815528255872,0.12183633265522689,0.3466853039071814,0.09789429701224914,0.1924832817661274,0.0708749809413029,0.011170191833524905,"Contour_px423_center[2719, 2490].png"
-1.7260620012917833,-1.5611044674168093,0.27978190702557804,-1.1931732503155439,0.44853459015436487,-0.1759175348821495,-0.20482663582400154,0.11865376914201414,-0.051220704044118395,-0.07000863867725099,"Contour_px424_center[9318, 2511].png"
-2.386744835756542,-0.7610302576935966,0.30376845841466643,-0.7783661695998662,-0.3690302275717194,-0.34829462389978166,0.21114133690987746,0.0928749685532836,-0.08667349192816838,-0.05682210902200036,"Contour_px425_center[4559, 2451].png"
-2.3885005120819502,0.2440495675885442,-0.16525588339589212,1.0395977768188547,0.6523074163427814,0.3205835498882058,0.7382849434024851,-0.03230943690434252,-0.12024140059691231,-0.049500196355923405,"Contour_px426_center[5752, 2454].png"
1.0799123258165935,-1.7579709464256041,-0.6153681048793559,0.5284834332588386,-0.7533883607743824,0.09900696162594155,0.25536953695117565,0.05736935647016524,0.13425652781687453,-0.014768796881821294,"Contour_px427_center[8922, 2473].png"
-2.040854651334381,-0.1548286969273802,-1.871530824879445,0.11046112038356641,-0.5282361582600552,0.26771994777531466,-0.5668052427346384,-0.1407916292399067,-0.19368665376812516,0.11712894140326853,"Contour_px428_center[6184, 2411].png"
0.7417017577003627,-0.6954765664695802,-0.6069775092879737,-0.23430309030478128,0.7431795809189935,-0.43585154582280405,-0.18567249610439646,-0.04092537601378571,0.08273692965421606,-0.06864827796359825,"Contour_px429_center[4305, 2417].png"
4.446558915656403,1.9875267791086542,-0.7364621431752372,-0.3745472941825861,-1.1535283324544159,0.387598196838363,-1.5003225462776428,0.12735957492394057,-0.06673631145805578,0.10590901063510721,"Contour_px42_center[10324, 6303].png"
-1.2148157232957253,-1.4467952144222127,-0.31128293656882183,-0.2448371050159316,-0.20966389204324995,-0.524026251463208,0.21711117327950535,-0.0637877549587806,-0.030257561869669335,-0.024641836768187125,"Contour_px430_center[1618, 2400].png"
-1.0025949599127908,-0.9981679932322687,-0.23272879194438006,0.543349587336805,-0.8906945409951901,0.43733594154532845,-0.05708873346786294,-0.22584927975544417,0.0995070859919371,0.0659664871496816,"Contour_px431_center[3766, 2372].png"
0.4462707609821974,0.3994945384181765,0.4888960127801257,0.6126859385711204,-0.15433270008128527,-0.9341215752919506,0.11138392862237564,-0.2284256188231309,0.021723125553148544,-0.02676305248957348,"Contour_px432_center[9734, 2385].png"
0.7390067854834745,0.008769249232502156,0.533359508133776,-0.5754394551950265,0.204537067277376,1.607911875243467,0.7920144960900817,-0.7670872695306159,0.5627759494227293,0.18918498790400648,"Contour_px433_center[872, 2305].png"
3.7334147642022413,0.40710246375505627,0.5384681479472367,0.8350865079766747,1.053631671236744,0.08908733765358923,-0.22314144905942462,0.33115139127654775,-0.2955967227692513,-0.06918451580959098,"Contour_px434_center[1203, 2303].png"
-1.9429301951133928,-1.1929251969482648,-0.3310297847868815,-0.03398658586466116,-0.3149651977735765,0.1853387441345031,0.9116425209008735,0.11118815486529068,-0.12309519742923704,0.024478610387690072,"Contour_px435_center[5254, 2279].png"
-1.6162792875032086,-0.3943148034411387,-0.4892390159649796,0.5756693816960207,0.1517295243237267,0.2740001307732847,-0.33423403308673694,0.11423582313625791,0.01962298127704468,-0.03124874485825644,"Contour_px436_center[7210, 2282].png"
-0.8970043404445306,0.49556414393621706,0.6341509830282159,-1.5347057447683452,1.0745372598641652,-0.6912980919890672,-0.6302902302772436,-0.15091548305189934,-0.09472866719634437,0.03218851771425273,"Contour_px437_center[11858, 2262].png"
-2.659066031174628,-0.538888674109855,0.8364803829904139,1.1994953660206173,0.9993479382973902,-0.26149051706929416,-0.8650042518948063,0.005912693335242496,-0.10326768694902322,0.06021554862360931,"Contour_px438_center[6119, 2239].png"
1.923389185391739,-0.7309617471612209,-1.2370958529308855,1.1360539879710507,-0.6297305100943754,-0.08205201474188885,-0.09637702362698593,0.06723528806245457,-0.021549736657065312,-0.031643867408350325,"Contour_px439_center[7791, 2236].png"
-0.7457090389091517,0.9153903940243024,-1.2352938326232505,0.3253243973446017,-0.04439694855565901,0.23118260443062458,-0.4052358217389996,-0.009647421926848867,0.24367659855903118,-0.021933110783354273,"Contour_px43_center[8637, 6268].png"
-2.6087174152378196,1.0957551319363672,1.28949222750894,-1.6859880287043583,-1.1212403499271433,-0.6317424565310216,-0.5211868923266093,-0.09448029982867412,0.1327089581849925,-0.04044444750936734,"Contour_px440_center[3006, 2222].png"
-2.731633613466898,1.4413378724575123,2.214386563215703,2.3113270330312625,-0.3685227902317746,-0.3355174882031276,0.3925351498608273,-0.007956338981808031,0.022333205131212463,0.011001113709318042,"Contour_px441_center[6822, 2336].png"
-1.3305193530877302,1.2512086973662222,0.20734748272481987,1.7367974861327484,-1.4670118839624378,0.17080488868629504,-1.0103602415219262,-0.031243055775380165,-0.08432978845728648,0.0002393675823369355,"Contour_px442_center[8387, 2253].png"
-1.4027800572471827,-0.8374061755670378,0.20244936294954335,0.38583594480564404,1.8850724469705373,0.18193160089645358,-0.48108677821132523,0.08408989799352119,-0.16246982470966187,-0.07087489475092115,"Contour_px443_center[8097, 2219].png"
-2.655818850347359,-0.04687792122687125,1.3912918276489283,-1.3766862562754398,-0.7509061084796007,-0.6848489471465464,0.5778410788996313,0.10648856983926554,0.01622364769465696,0.047476647070696945,"Contour_px444_center[4939, 2251].png"
-0.631090938696342,-0.9946481801926067,1.1830558049081754,-1.2838934603878482,-0.0886433704394542,-0.06156921876295859,-0.16145970433503265,0.07035265514900037,-0.02957948695582647,-0.056969482732976424,"Contour_px445_center[10999, 2203].png"
-2.0484038084407086,2.834602921590222,1.5778374545390903,1.74975479074629,1.3561712513162307,0.7535523125717329,1.7153274452811627,-0.19120556853773105,-0.029392026967361956,-0.03403836419231488,"Contour_px446_center[7473, 2196].png"
-0.7788285240688598,2.7249124623388252,1.6412454703354977,-1.2767093280114994,1.2000692278992375,-0.6713777087275034,-0.328270478417657,0.09906944305158821,-0.14402180818153004,0.2315737277129833,"Contour_px447_center[5738, 2234].png"
-1.6854479934569224,-0.3832039122447785,-1.0682364234636308,0.31687153847531113,1.202960528034484,1.1270368146038428,-1.37748848373012,0.10397346769111708,0.050381683771019925,-0.04822608790143142,"Contour_px448_center[12563, 2346].png"
-2.553919113781313,3.631217453726904,-1.5943036839933205,-0.2788224815962273,-0.6394754582994041,0.18849212830820095,-0.5920100070201905,-0.32574440573503094,-0.21757042930838874,-0.06947613992120356,"Contour_px449_center[11376, 2207].png"
0.31790556523043073,-0.3599863540710395,-0.0686222664689184,-0.9188030625662612,0.8501511526906597,-0.32021498756203676,-0.4277096424129375,-0.24228051644680368,0.044807204212651754,0.3652371248976539,"Contour_px44_center[4795, 6303].png"
-2.0396611422150372,0.1398664863389456,-0.03252289144218708,0.9571313826521248,0.9359376575284315,0.018509022315598044,-0.14547877975079307,0.2341721382312661,0.10323945354710157,-0.013831813960302844,"Contour_px450_center[10684, 2208].png"
0.024969212049952057,0.43692460808067707,0.05550008039353741,0.20950577765915893,-0.22687812020824005,1.0889405108070291,0.023893629159514894,0.005875642936343615,-0.1829243113962916,0.20249986564942388,"Contour_px451_center[3788, 2183].png"
2.5186858717241822,0.6065001862625617,0.6845323689334617,0.23092191407695553,-1.0669527818468645,0.33457959462790726,-0.36100444950231186,0.1503723863164482,0.08965040483974523,0.00420695543137046,"Contour_px452_center[10183, 2280].png"
1.206829359689706,-0.7936637152757849,-0.07200349876087125,1.574636679882317,-0.7660561303520476,-0.3096888532672456,-0.04793078398057968,-0.19468819200332352,0.03945998083476978,-0.022087248375289185,"Contour_px454_center[8693, 2172].png"
-1.47486709979721,-0.9053535736182375,-0.37036259679992334,0.8730161406203344,-0.242102972249382,-0.39317844970111077,0.6230092611916581,0.1425881357096728,-0.07241943703967962,-0.0314393035253937,"Contour_px455_center[9246, 2147].png"
-0.2816274245800798,0.07713716390594184,0.01873556847848619,-1.046609714145604,0.04884683201477316,-0.08383760990280674,-0.15614107089181462,0.08542407644136563,0.10832153749121079,-0.050622260025023125,"Contour_px456_center[1743, 2117].png"
0.1320878700462183,-1.7792601149395968,-0.8027182426624778,0.31342763036636745,-0.19214463503444573,0.3219296307824368,0.25168652507981826,0.12420871778504546,-0.06771955646345239,-0.039050508077788926,"Contour_px457_center[362, 2127].png"
-0.5907423686834384,-0.22742431791696138,0.5511394033204496,-0.04463407509982182,-1.487245861545091,-0.37385443357191106,0.6067888608637798,-0.13476998657284958,-0.002484569704773047,-0.028142062473408738,"Contour_px459_center[4085, 2081].png"
-3.3696267147265595,1.8376127079540128,2.858532328780684,1.4413827796909249,1.0999095798336052,-0.22592502624505276,-0.22938743654694757,-0.031873477155379665,-0.08030099141970093,-0.03837256283820916,"Contour_px45_center[3336, 6283].png"
-3.0169000725635327,1.229301576597871,2.7160566805396953,-0.7209429947552077,0.40126632451907773,-0.8497874157825548,1.084817576127432,0.23956027501244057,0.02539588299590277,0.010237187966392107,"Contour_px460_center[2317, 2156].png"
-1.9945598434155056,-0.8032180175443925,-0.08939059923834125,0.15767479046769972,0.17684329439179766,-0.5453628776395474,-0.27657292957012436,0.2905784485052699,0.14203467527053182,-0.004209326903515321,"Contour_px461_center[13596, 2139].png"
-2.320386462766583,2.8689118974483776,-0.508257476142083,-0.33787232492861446,0.14900163942465436,-0.2567663173324408,0.48398986775118397,-0.1178196922094277,-0.1452364121543194,-0.005728033912154888,"Contour_px462_center[3436, 2108].png"
-1.3629631283434687,0.712167395217547,0.9469606822813984,2.1015176252723595,-1.693305612001475,-0.18052485078527802,0.5234738966556026,0.019124056439775675,0.1688515878194104,0.03909911992038059,"Contour_px463_center[7141, 2034].png"
-2.233499308110915,0.03960952748007403,0.5284990061617537,-0.3480881241752898,0.5804607628189176,-0.3548716383483426,0.6015666980845321,0.0946762125311603,-0.18268128207743872,-0.0347015588626625,"Contour_px464_center[8970, 2039].png"
-0.06290094605034338,-0.09990942229396992,1.4228192324017492,-0.31105996228821664,-0.43191900940149924,0.5755251110453579,0.5326897057650226,-0.06297704907682922,0.22873484370343622,0.003711826987911267,"Contour_px465_center[5482, 2035].png"
4.128858567617653,-1.2659823678865918,-0.41087647008269435,-0.006358333148480574,0.18669074938541383,-0.2754648757636158,0.038774956629221445,0.06249357914959183,-0.35227699302033755,0.4752759599759536,"Contour_px466_center[2678, 2038].png"
1.4168005965290722,0.06175521482665168,0.17321993173273123,-0.6598482342674288,0.49452227583512404,-0.12525465007394873,1.346841279090039,0.32439461657297813,0.5190896678803965,0.011461419272159941,"Contour_px467_center[4778, 2047].png"
-0.7741369290402217,-0.014407668479479979,1.6087367211577113,0.1666806512065313,-0.022347105642775422,0.1120442080954734,0.6415363616728887,0.1216433833715872,-0.026078325349209442,-0.024903949424139038,"Contour_px468_center[9689, 2030].png"
1.4515110216298186,0.984646168797375,-0.7156633096915338,0.38249411123158633,0.11808795503438517,-0.3642818433028658,-0.15369886021319312,0.18483040007894677,0.023851717265596525,-0.054000931862525525,"Contour_px469_center[4376, 2056].png"
0.4120997993004089,-1.9119628227888699,-0.7251972038166185,-0.5095583358744478,0.03122682388214185,-0.1262582058442869,0.38417044004909173,-0.10207538791438973,-0.14210077757424044,-0.05139180480729636,"Contour_px46_center[11572, 6299].png"
-1.5131871174686122,-1.414596380731864,-0.2547191178666001,1.1828749648173977,-0.13700711860940606,2.0531813694498653,0.4259518911181317,-0.026971992105157085,0.09540404956820268,-0.00031834980446866746,"Contour_px471_center[9443, 1968].png"
-1.8007144263035586,-0.9478883112753778,-0.05879661126588154,1.0097169996860806,-0.46983977358667994,0.2857802182885943,0.4582556760568638,-0.1216757071032564,0.1804071483344502,-0.00489988719399048,"Contour_px472_center[2020, 1965].png"
-2.542034084510878,-1.2572674937892452,-0.12183114688874384,-0.6905827885750965,0.030201918109347255,-0.3234163923216243,-0.23071526628403455,0.08977407673055537,-0.09358570701348606,0.01612323295101583,"Contour_px473_center[10204, 1955].png"
1.1389520491711302,0.8918892452535245,1.8878816336045947,1.5000455141668125,-1.405817106300818,0.2889810082098303,0.19761007644027428,0.18845307469707318,0.06896030467653272,0.02232553191076072,"Contour_px474_center[5247, 1943].png"
-0.8179162373942501,-0.3373674884232953,0.5403577170740007,0.17928541849369947,-0.6595958700781811,-0.32084071900638994,0.37764326652203384,0.04836099704937439,-0.1176008766192041,0.0944058529946216,"Contour_px475_center[10551, 1951].png"
-1.0883486682106807,-1.3754045676220676,-0.3047426949806434,-0.7343877358380956,-0.8583718319746355,-0.7550636999066004,0.2935931329036403,-0.02943643203142392,0.008599700905145908,-0.051007568942313536,"Contour_px476_center[5823, 1980].png"
-2.058274060279428,-1.1169622755684083,-0.14838535823050666,1.343728086795102,0.06615896435188826,0.5512279644518175,0.6241042368514843,0.19805462646322652,-0.10751564741713578,-0.014659867558453008,"Contour_px477_center[824, 1990].png"
4.932760636516613,0.10382942559364129,0.7434800071360671,0.4084691554482674,0.1536510534148373,1.7122230264596445,0.361444394333596,0.19569212869669828,0.16607826034567055,0.018045393289400056,"Contour_px478_center[6066, 1917].png"
-0.16554654342301542,-0.7688582119384422,0.8943696474323469,-0.42363787228253436,-0.6967319187181886,-0.48294502578165927,0.19768129700644474,-0.09469770784424396,0.033442824780263516,-0.04181495767046723,"Contour_px479_center[6865, 1955].png"
2.7324418808887447,-0.7988731638963231,0.09769390106533912,0.7034991732354212,-0.8711041448761525,-0.3109503965548888,0.15649612267092033,-0.30506216797279967,0.23077823479761586,-0.025629422929853932,"Contour_px47_center[5100, 6254].png"
-0.0557325478910874,-1.4482311271098576,-1.9618857567486225,-0.6038508430795567,0.6595993600758647,-0.20829738617021756,-0.0423162477028086,0.16049936725343322,0.09768471956338019,-0.0426826203296004,"Contour_px480_center[1281, 1965].png"
1.8592361317796635,-0.875582920070194,0.7885535629961897,1.277109898078028,-2.5468274293399307,0.40779668296201965,0.30106287430054984,0.24854867696343927,-0.3090749014498773,-0.013724393929889436,"Contour_px481_center[7234, 1827].png"
0.9041033738186628,-0.058483895185157675,-0.013940778746467247,0.930035467003517,-0.5601413219061905,-0.6477402957450947,0.3173393811746781,-0.22448081050896962,0.04676182588404071,0.13092807521619812,"Contour_px482_center[4464, 1859].png"
-2.4767339062208316,1.8656221298193816,-1.6910240163588357,0.48111356161398083,0.5836436236057722,0.21454831043599426,-0.4866655256936369,0.03106313993665973,-0.08763464780520078,-0.04433472294547219,"Contour_px483_center[3988, 1845].png"
1.6536775036751659,-1.0888374868433683,-1.013871889939481,-0.7758285853120394,0.5456348733918925,-0.5501850321108595,0.05386583922238011,-0.36029000404405964,-0.027112443433495503,0.1242219141932877,"Contour_px484_center[12601, 1851].png"
-1.2995404544020825,-0.8706711251806497,-0.6510415154597582,0.022654680375884525,-0.7222280145241906,-0.030637970663021038,-0.15371543047940084,0.016982546786160346,-0.048691367800582495,-0.04317492242249162,"Contour_px485_center[3056, 1855].png"
1.9010109094123875,2.01165752984147,-0.230271506738848,-0.09328858692427695,-0.7060980871148496,-0.015595325235577641,-2.2364964697279506,0.05104252075108069,-0.1421381304324291,-0.07554579089265533,"Contour_px486_center[10994, 1863].png"
4.142536790443191,1.5284614915106618,-0.6087216489630469,0.7515114940196815,0.9234895810260093,-0.03429708803039744,-0.6241798843561397,1.0082085907329856,0.5883325994090244,0.060806060990223496,"Contour_px487_center[5052, 1794].png"
0.813910042108781,0.5474060017973343,0.4537264366347602,-1.6193129904066472,0.21781215237782472,-0.559710546935962,0.42098207785591074,-0.19659801720467418,0.025345900748275762,-0.09026813578604954,"Contour_px488_center[8420, 1802].png"
0.4371961383337861,-0.6342674999297778,0.3017128706114103,-0.2509924119636417,-0.8224096585922329,-0.17482325815933603,-0.1517459578694512,-0.07609132849137268,-0.05116278688026493,-0.0477839468261881,"Contour_px489_center[8717, 1780].png"
-2.200458888952956,2.5840083136683183,-1.208204149379745,0.34065408494864446,0.39854889432749163,0.5406727003210247,-0.08977917129339241,-0.2837051022197776,-0.05386526171366147,-0.07042723582476637,"Contour_px48_center[7125, 6246].png"
0.03238639564722313,-0.699391617944482,-0.06240958395358608,0.3415205032733363,-1.0088688368725145,-0.534956314319985,-0.011225805987821217,0.12211715870154341,0.10114339419075005,-0.017848530702624075,"Contour_px490_center[1644, 1760].png"
-1.1071706783104223,-0.7368386718304286,-1.6860780277056808,-0.07201463212541272,0.14579345705583543,0.7963852461029316,-0.539479212942949,-0.10658958585144039,0.056658517615239774,-0.05357871579208091,"Contour_px491_center[11494, 1802].png"
6.968552838546543,-0.048036420108052064,0.003367430465250343,-0.19466082463073597,0.1651020639953248,0.32110171332794624,0.35750930412874526,0.26423048702966084,-0.60324700626062,0.04192989121700454,"Contour_px492_center[9792, 1720].png"
-2.7363610826799403,-0.9450021326952662,0.29419517584522664,-0.8817112008958158,-0.4976492762072251,-0.6616640026312596,0.25927448139945897,0.1574624418086411,0.07172393527516857,0.007097691113399844,"Contour_px493_center[6511, 1814].png"
-1.9357176892846246,0.06153330306778302,0.7485981783748747,-1.2346157955749681,-0.302953065136125,-0.14174979485372385,0.8449319896710705,-0.040310687603167736,-0.022223805688686354,-0.01033706444876013,"Contour_px495_center[5593, 1728].png"
-1.8352270384452134,-0.8852308421112527,0.9096446850241446,-0.2652847531649453,0.2544826621605876,-0.20020399730065666,-0.6395854769853299,0.14937938904091663,-0.0010793537720714442,0.09105895961583307,"Contour_px496_center[203, 1693].png"
5.090475219153607,-0.83155261995143,0.8949610078767414,0.5514688359030284,0.15526589662377413,-0.7539169526035904,-0.15529025976132518,-0.13495594412493983,-0.11605755642376019,-0.07685723120180725,"Contour_px497_center[4820, 1661].png"
3.317289645458355,-0.204591117608985,0.40430111387345524,-0.6272467478693818,0.6304425026186014,-0.06268045388960909,-0.3253365717736573,-0.1813000561911222,0.035042932564256966,-0.05836790493204689,"Contour_px498_center[3813, 1689].png"
0.5100307659129579,-1.3332285220667008,-0.8389245821016343,-0.2060684231929555,0.539503393552105,-0.7802305882306219,0.508182699187774,0.02829307602612087,-0.2125951947397016,-0.0586430592192949,"Contour_px49_center[6756, 6163].png"
7.809366672214516,-0.6975002909317785,1.0307230760957384,-0.16044179391025934,1.220562922615141,-1.0778037836698329,-0.4815895964965033,-0.3754987016703263,-0.24853462968249612,-0.14148146137152284,"Contour_px4_center[2182, 6900].png"
-2.5418543287008246,-0.938920080493325,-0.25639267988065656,-0.005132901576915214,0.21160790977384622,0.555044678230333,-0.3544498639467149,-0.11508965294072947,0.08931004216473942,-0.026005099483393156,"Contour_px500_center[5836, 1662].png"
-0.592723230542185,-1.0055387254993815,1.4465207001315554,-0.004842339534177968,-1.2352995477680924,1.8877997492728795,0.19261202446196118,-0.2853564366696224,0.4937228110664468,0.05229029729344427,"Contour_px503_center[6467, 1565].png"
-3.079373887664163,0.11929416057789599,2.231239174559688,-0.050556984553479595,0.6840024913987155,0.32277216301809536,-0.8435995219747712,0.10527428483485372,0.01849401947448654,-0.0322522939281574,"Contour_px504_center[11993, 1553].png"
-2.9913088575308406,-0.8575916376494414,1.6693312574885755,-1.1038536228108369,-0.10736290166975235,-0.27694561985648747,-0.970420214292274,-0.04194200476648442,0.2497383413970884,-0.006397083078997588,"Contour_px505_center[10181, 1623].png"
-1.8189562348351158,-0.3036705430143572,-1.7714667772197705,0.28479260478047846,0.06859689612352064,-0.09098264413577258,-0.14730917465640206,-0.14862918780283157,-0.18032597395834218,0.15314385652655294,"Contour_px506_center[2718, 1629].png"
2.417666240902526,0.47286953263248005,-1.4592460697720888,-0.22486173147557892,0.7861488433814957,-0.4671421943069685,-0.9137229077376189,0.2881692607393618,0.44966692745016007,-0.017439391386881255,"Contour_px507_center[13420, 1673].png"
-1.9210863953701636,-0.4258637819532853,2.6721076690838417,-0.5109541764602782,2.3519994512105553,-0.25463219457125597,-0.7828408508020235,0.1147462228462156,-0.010796653892893322,0.015316847733928492,"Contour_px508_center[4013, 1558].png"
-1.5338034087460761,-1.4211643742628812,0.020104824185828866,-0.8610801662315783,-0.19576760444202768,0.4635234075542878,0.5960269585404545,0.019512943236294007,0.2558711479522751,-0.022172734192540712,"Contour_px509_center[5889, 1515].png"
-0.5656889461466558,2.1424563215292025,-1.7789193524134668,0.1377469734865576,-1.4485805583418907,-0.49219895326206664,-0.22231213151141252,0.32288379350657564,0.21202103352642748,0.020559124762782356,"Contour_px50_center[1399, 6213].png"
0.8142900487831454,0.26153141401984875,1.2002951992309245,-0.4752511220884224,0.1465660585420128,-0.46221014023684026,-0.6426625594108399,0.2268022679481429,-0.045370562001339536,-0.033240747100178145,"Contour_px510_center[6248, 1530].png"
1.2098600288928647,-0.355748381003116,0.14635731101316893,0.7786921056537564,-0.49568299493201307,-0.5474123754368445,0.037084001677306286,0.22489000308996254,0.02597460458877184,0.025206336609548827,"Contour_px511_center[2127, 1496].png"
-2.3414015055353756,-0.3665635646586023,-0.8461029156124771,-0.5349960452742726,0.8184721679516952,0.3595130013110695,-1.1769773149509817,-0.04530146283384805,-0.09950499700348563,-0.06525001619130091,"Contour_px512_center[12904, 1498].png"
-2.6761795750893023,-0.7196723614051732,1.4138387720444796,0.9527756847333834,-0.4332731252299381,0.3142873722664507,-0.6255068014716866,0.21123521074741966,-0.06991257415793742,0.028600835214531623,"Contour_px513_center[10653, 1570].png"
-2.639168605223611,1.6278709244307352,-0.07515257107375958,0.4757550005504928,-0.6085432683361509,0.7512578009226901,-0.7440177735291491,-0.3915518026388679,0.009319218499741091,0.04337744675390167,"Contour_px514_center[11355, 1495].png"
-1.4253517039572274,-0.4043100878682424,-1.5638758102677175,-0.25962205025660773,-0.3949128522989922,0.7963087915069632,-0.6322002664376453,-0.004107347505128176,-0.016473232245023516,-0.04671092756220241,"Contour_px515_center[5566, 1441].png"
-1.76114837707062,-1.4280905930744197,-0.583650454390451,-1.069610882728592,-0.11551490670417452,0.7905331973540979,0.14252383689894266,0.15416341451327947,-0.13319363435611703,-0.06190686876775112,"Contour_px517_center[10909, 1452].png"
-0.2550597729276155,-0.12065227787194063,-1.4377207673226122,0.4662819323934484,-0.89766442454641,0.011564698747976275,-0.2770662559595651,0.05567756583787892,0.06098959720116665,-0.029665436672657444,"Contour_px519_center[690, 1442].png"
-0.6812779152215575,-1.4673703436877217,-0.7069540822439853,-0.20046982128961624,0.588461950118785,-0.3145587834477695,0.531911378779004,0.22336592502110922,0.18633822618774135,-0.01399533989094532,"Contour_px51_center[2984, 6165].png"
-1.1890001390643148,-0.4113877997743905,-0.33480318947514054,0.5633658844808486,-0.4423075564714984,0.985861980260683,-0.04801439152305203,-0.12006747361146826,0.12326352362691988,-0.008163694498712211,"Contour_px520_center[3710, 1423].png"
3.4164777747748567,0.040854046476557354,0.21619948717586435,0.8465286659792501,0.23051023637630744,-0.8128430148427968,-0.4606671846140705,0.26261687286779634,-0.37833488447233476,0.26366820983778866,"Contour_px522_center[8947, 1421].png"
-1.6803848149478546,-1.0203660897661284,-0.03019283707933874,-0.5117597289315318,-0.6864400996970991,0.6133767936832384,0.49268970443008225,-0.351228747251116,0.37504862443848996,-0.017001282020158954,"Contour_px524_center[7354, 1387].png"
3.448732251088414,0.8829362748795493,0.8184376491219439,0.12807450354341746,-0.8308845971008384,-0.42815527499191885,0.8721852019421256,0.17982590296494588,0.5440916474621856,0.027924768133858937,"Contour_px525_center[8253, 1382].png"
2.869188204535485,-0.17137991863790436,0.08188926102914375,1.3443374081724109,0.2395711341645498,-0.20943776708743225,-0.49115219797016724,-0.07685968273872114,0.13903715165934416,-0.0349561664240995,"Contour_px527_center[12435, 1443].png"
-2.1694094720498844,-0.5607414860464819,1.6089139260763854,2.7667942071997076,-2.0906088755996537,-0.23852399206235436,-0.16688430453344996,0.09405344049814494,0.014892602549069447,0.08805451502049934,"Contour_px528_center[3024, 1366].png"
-0.5378106075846321,-0.1387548875746868,-0.28395105634836393,-0.7500492953070039,-0.1753620143353915,0.10630894285060716,-0.6141456089342515,0.07493073115998418,-0.010347462542683442,-0.011152345873151618,"Contour_px529_center[9286, 1508].png"
-0.21102964877541522,-0.1878856680471733,0.4082282377661241,1.593720515796998,-0.6265697663648843,0.23828287288116745,-0.2336480375619785,0.24915298032501396,-0.21253445160294945,-0.020232129507591665,"Contour_px52_center[8150, 6215].png"
-2.3354632317496034,-1.3409872504834421,-0.7699812534794186,-0.7207000314914415,0.023944896735047114,-0.08961825875705023,0.7554261356801282,-0.1234120282889747,0.04474805463933264,-0.006531571155150574,"Contour_px530_center[7738, 1386].png"
5.023601003630145,0.4340192099383702,0.8844042723610996,-0.7844675479839129,0.871946902897888,1.3498197910883467,0.8078262611766966,0.6927338377651209,-0.044858719728395245,-0.051316013070551135,"Contour_px531_center[2455, 1307].png"
6.11066886931694,-0.25326943395625595,2.0651049549120386,1.6711601583442612,-0.9094624513285712,0.6085845149604819,-0.2550936726690278,-0.14165762877831675,-0.11238923467156642,-0.034793834474218945,"Contour_px532_center[1686, 1343].png"
-1.4846756105452859,1.9034735013073634,-1.1646281927934097,-0.18739487190612983,-0.280870629544293,0.3338209345234677,-0.640000774588122,-0.15277746842367804,-0.12253941793227058,-0.08031091117409832,"Contour_px533_center[1228, 1502].png"
-0.5050134220053176,-0.1812791111926863,0.8286603474737219,0.321438782185588,0.0849139156858285,-0.10213262440847728,0.5854403666838137,-0.001556052638183219,-0.09673173352721724,-0.03369553698599303,"Contour_px534_center[10253, 1285].png"
-0.8377167946662367,0.3460563618180979,0.7431932774785347,-0.6387216700260782,-1.1639406006041277,-0.2387291605322028,-0.16801228879420937,0.07890580768669535,0.041486003418096364,-0.03223957555307767,"Contour_px535_center[121, 1279].png"
-2.078834755645095,-1.5268296263147139,-0.27059714032688886,-0.8436655503161361,0.3263082095836538,0.13115344938557238,-0.08649604318241683,-0.10302566087824978,0.16854878161123865,-0.025803448554216585,"Contour_px536_center[10589, 1272].png"
-3.2623884196989907,0.6323909877381024,2.2904852848451145,0.31021190868077814,0.9527142720414189,-0.1698762567076455,-1.7721656641000127,-0.08520342814894637,0.03087857519000382,0.05029131917417849,"Contour_px537_center[4059, 1287].png"
-2.035610610929015,0.6067315386208207,-0.9124239216713605,-0.8128205041023283,-0.02816654154999215,-0.13474243949953146,-0.20116144324003993,-0.02117889252849852,-0.07051927696420764,-0.07363794042169122,"Contour_px538_center[2687, 1224].png"
1.6177103601039025,0.8339763114070838,0.08874618249313618,0.1441626210824711,0.7305683050392545,-0.14132811358019315,1.812431413831158,0.6602309390352865,0.4126573170081798,0.017627670902888495,"Contour_px539_center[3363, 1255].png"
-2.169305076345887,0.49156002282387296,-0.39195615675444034,1.928374920728236,-0.48953857594681194,-0.16516439439872715,-0.3370352040102964,-0.14393326771069154,-0.18829470912111654,0.028253232391697726,"Contour_px53_center[7644, 6133].png"
-2.374351719991613,0.0002219834136272174,-1.4427681504785355,-0.6508440146099069,-0.7701266135203778,-0.09015704430591787,-0.851739229294878,-0.08511303856634433,-0.11879736668493171,-0.05629562844611373,"Contour_px540_center[3759, 1196].png"
1.8769744877164423,-0.9073309944157375,0.2736636398071239,1.220451179304306,-0.4964507196094611,0.2850642967912064,0.08369422235440821,-0.08531657895957204,0.008828126097662758,-0.022131432198336534,"Contour_px541_center[6834, 1193].png"
-1.8234548905677812,1.0837794105408087,-0.31365687504063977,-1.1084405140518003,1.312103973455977,0.10784184354074133,1.091828570163979,0.06272533394232924,0.08362762114888142,-0.047539700794093614,"Contour_px542_center[7777, 1183].png"
0.3482376866893917,-0.5704117168783587,-0.9042061426912228,0.3402390140163615,-0.39765881474571435,-0.7481329065031667,-0.24995813598703512,0.25894982886265483,0.16499043841117172,0.03802653609878607,"Contour_px543_center[6128, 1205].png"
3.361079322137599,1.5933249575935864,-0.834866577473484,-0.8339229444625854,-0.63063895083063,-1.141923035973877,-1.6352255769167914,-0.3022858924317456,0.09490278455484215,-0.055621818903045295,"Contour_px544_center[11899, 1156].png"
-2.1412333372226584,-1.3285413084719917,-0.829612694408126,1.4274220030170044,0.4060462975847019,0.5608221671425156,0.6604891894886923,-0.004972398839376061,0.2034042279666889,0.053641818034730795,"Contour_px545_center[12874, 1159].png"
3.414685169572757,-0.6144506279505606,0.10427583239168224,0.14287272492352984,0.250927221768931,-0.6418888877882386,0.2932043230369208,-0.02757622655417004,0.1458917229351541,0.08289779224183118,"Contour_px546_center[7238, 1186].png"
1.8150642489894977,0.05947207892280216,0.5040468277709924,0.6739172957587519,-0.7550407174726734,-0.48203731838018526,0.6979192374464243,0.07186757037449364,0.2723011469922018,0.0049700589042029975,"Contour_px547_center[8663, 1194].png"
-2.76688486900741,-1.7433045332525723,-0.7380919603283702,-0.14957968427446836,-0.829654374614252,-0.4041933729298188,0.18029060263957433,0.07320857373791777,-0.028758939355266678,0.009497548101166861,"Contour_px548_center[9133, 1120].png"
-1.0421439350987085,-0.244875968726917,1.1453935892791745,0.42452496151226077,-1.138508215615988,1.0016996871870094,-0.37962772826129726,0.050484614456527424,0.037206850751122345,0.10890870943514162,"Contour_px549_center[6550, 1098].png"
0.3059307410857349,0.7786526541166134,-0.8190044524508422,0.062329274330234885,-0.4847594358028021,0.08471742660808548,-1.1716051400819811,-0.12211698202191401,0.07107775171449444,-0.0540868484513545,"Contour_px54_center[5718, 6115].png"
-3.259467956916103,-0.5898689196148937,0.7125959031196942,0.2837699509527659,0.654788629044118,-0.13956928707534197,0.30268593856431025,0.03385771849494809,-0.02309913083234395,-0.008634418966224437,"Contour_px550_center[5717, 1120].png"
2.0487866864463107,-1.355814040455946,-0.3890695386663068,-0.020658674885384084,1.4995360450639732,0.5048456805692295,0.24711968487570452,0.611165769785333,0.5219319224759483,0.026745856340616107,"Contour_px551_center[9856, 1085].png"
3.1996511879939318,-0.3305115919959437,1.1593205474453034,0.4840909557474838,0.18055901598547996,0.4803426756472246,0.4055854980992643,-0.3528465513857961,-0.07346460343940872,-0.039540284489405116,"Contour_px552_center[545, 1070].png"
-3.0846788034810295,3.0638981147002795,2.2427222308821717,2.1477329539808885,3.4511657547249555,0.4040386130192858,1.8374472861060196,-0.19265865998994203,-0.21407541669575925,-0.0720042134062751,"Contour_px553_center[1576, 1010].png"
-2.762893584916093,-1.4297079880664922,0.14237649268710809,-0.22027742394747593,-0.10045182726718906,0.4193393235439431,-0.36175182212303164,0.055605256069750544,0.06519510618487352,0.0024267847223909083,"Contour_px554_center[1268, 1074].png"
-2.6498948852839903,0.2959927110163802,-1.442540237719763,-0.3442830639949058,-0.4552693161886014,0.14463250337104405,-1.129136538040485,-0.15218006117489463,-0.11467516782639495,-0.06625253865982642,"Contour_px555_center[4475, 1162].png"
0.25824782237806926,-0.7963805899528786,-0.751581016785072,0.44901623179355604,0.7645453008696775,-0.0845808642776398,-0.4219824172268548,0.3979027874919951,0.2908358704529894,0.0008912077127004589,"Contour_px556_center[9441, 1058].png"
0.9526062176770841,-1.2200147129646413,-0.49842150694367565,0.20429326723828029,1.5009482810777617,-0.19007142237160835,0.07238908393190457,-0.08875562954531918,6.977121425611238e-05,-0.07326372928971771,"Contour_px557_center[12374, 1074].png"
4.332532769820845,-0.6101951957540236,1.6526288347026528,-0.5484602095799278,1.6160677619076504,0.16723262695570001,-0.10217846056359227,-0.3069398823098813,-0.06976647081197797,-0.09833480374819034,"Contour_px558_center[11413, 1053].png"
-2.9292442285870828,-0.3619477403314024,-0.6384751602455185,2.1198830534874236,1.8153946076708043,0.7477925473028585,-0.6884758666115486,-0.06428343583668837,-0.1180380614045372,-0.04806426970662974,"Contour_px559_center[2124, 1039].png"
-0.19362493344929047,0.06803772337423629,-0.3126846585334155,0.45185848757780006,0.3653020874878854,-0.17132719936804008,1.0238847479689828,-0.06822782113634603,0.04919045607802988,-0.0509487597809756,"Contour_px55_center[488, 6117].png"
0.3601357541912623,-1.630595520639491,-0.4114832735186936,-0.6936069304445044,0.44335714384781827,-0.692085349245205,0.010246542562612631,-0.018468237148200544,-0.054812311959909,0.014738795220740711,"Contour_px560_center[5215, 1066].png"
-1.4988077340449535,1.336168763448714,1.8315248313368826,-1.0334786139455587,0.3094328733441169,-0.33117794184701244,1.2211786597765153,0.08445595372670056,-0.18457086695969316,-0.05626816342612985,"Contour_px561_center[3074, 975].png"
-1.5766800324814616,-1.0699478018098147,1.5809251538339435,-1.0509806914244848,0.9711997493618132,0.4401235737242121,-0.2875072287778373,0.13463046133819728,0.009577593863634784,-0.032534452428028326,"Contour_px563_center[13237, 1019].png"
-2.9582797589748107,0.4278070442741102,-1.2698955336644664,1.0804211136784503,1.2390980200146584,0.5923924491124535,-0.34221031874217245,-0.22022500356442445,-0.10622105671725111,-0.04708448021897579,"Contour_px565_center[2452, 969].png"
-3.3689177143525706,0.9294770337447077,0.5862752703323535,2.141973532423525,-0.5104351523359361,-0.12014419200996716,-0.004416441376776059,-0.26023833186284717,-0.032004741693755855,-0.010916919289511611,"Contour_px566_center[10606, 988].png"
-2.4053577545017135,-1.0990976044754917,0.20379919224035395,-0.6197989281935326,0.09153492391807609,0.07920487434866799,0.13388565395303137,0.08897004883941907,0.02808616428619568,-0.0469467772346848,"Contour_px567_center[4822, 1014].png"
0.20427692216866775,0.2861643885568387,-0.06668289104560995,-0.38229506142539943,-0.15989750632324617,-0.7551031919806904,0.4481665647653779,0.03249842092674059,0.26537027980078304,-0.03470142303678946,"Contour_px568_center[3451, 946].png"
-1.6964710136237158,-0.5497087327369365,-4.043078462407971,7.107664052348515,3.0005431986201128,1.849377686047705,2.300281240514115,-0.4007490928807557,-0.3569019541588621,-0.007893031133136236,"Contour_px569_center[7001, 927].png"
-2.4207761087906805,-1.120717156889213,0.8066869982545598,0.2411565404131939,2.406947462461869,1.0776773211880677,-0.22937168238085104,0.059747877952696836,0.045227376251565185,-0.05581364623772053,"Contour_px56_center[8929, 6108].png"
1.0504672596733202,-0.9380056932211377,0.8029756475226092,-0.9887779397139922,1.88216656543757,0.35768117750584694,0.3692259477126365,0.10837029343846197,-0.08391530295724473,0.05172908611845197,"Contour_px570_center[4089, 946].png"
0.216726380023494,0.3807296878944898,-0.8876936972556624,0.3124676140177536,1.3450862613572452,-0.4277817871773366,0.4779781262709384,0.0706777934414538,-0.11488716235534173,-0.07018706731427894,"Contour_px571_center[10966, 970].png"
-1.924158030661469,-0.506428396993851,-0.2613523177930107,-0.19818550375643773,1.767502068792391,0.6666974803235016,-0.3629111061593083,-0.10309341114665359,0.022637203460366084,-0.01908304487372149,"Contour_px572_center[2799, 947].png"
2.774109730403815,-0.526021556380532,1.1125515614103032,-0.17688997485357918,-0.06915619940805016,-0.7988246661130876,-0.23116489386539654,0.07947472786256929,-0.24666498008099388,0.03534665446185739,"Contour_px573_center[10250, 938].png"
-2.3197791307152795,0.5036528598538821,1.4437653976688827,-1.1107644726138508,0.055964783905068954,0.5424229394569189,-0.36914240287965333,-0.10113697647297154,0.1386410156745885,0.14290584371980514,"Contour_px574_center[7421, 849].png"
-1.3140580928716892,1.8665891939740988,1.169135128093022,-1.3983648646018976,-0.4290118629427733,-0.7481508615540688,0.6091160477545957,-0.13832448685917884,-0.23451143994084064,0.012602942708934684,"Contour_px575_center[11846, 841].png"
2.4443046305166103,-0.5533606357087987,-0.5349142929280976,-0.6596686524289007,0.5648432148992704,-0.5810601128165175,0.45106984888743157,-0.27696607712510196,-0.29886013297333847,-0.08442548393820058,"Contour_px576_center[4428, 810].png"
1.5178781871715097,0.2429036452062513,-0.5207935540254426,-0.47858943494346146,0.43259893276530825,-0.9906249794632215,-0.7728464582270738,0.16124325513654988,-0.19726379111820438,-0.007202433889213675,"Contour_px577_center[137, 828].png"
-0.420839555798351,-0.7997278869157175,-0.500900383126165,-0.8644034703455834,-0.21841823132061894,-0.8077253294836323,0.6657411176487804,0.009922015864330263,-0.17342955663215257,-0.027989448096329396,"Contour_px578_center[860, 855].png"
-2.5908604057044284,-0.34312904854464105,2.7975732172716548,2.92798578209578,1.9668244075818042,0.38413974413481383,-0.7930675540796767,0.21949560577628408,-0.05431581806932794,0.003500074398786247,"Contour_px579_center[9006, 863].png"
1.6676208221002153,0.14290696860009852,-1.196734982270516,-0.10650963869518465,0.4085163314641942,-0.567255608901986,-0.78320040105699,0.3054432657199373,-0.0041663487120371925,-0.061964151827896954,"Contour_px57_center[5361, 6153].png"
0.5906000988164581,-0.7936073936767949,0.718485877445329,1.459977399777608,2.868106165482619,-0.020207863085899537,-0.5567896477795318,0.029096069872456845,-0.17747811450217318,0.1482924671866945,"Contour_px580_center[9694, 823].png"
-1.5541164085045922,2.958778588761005,-1.5529221942507447,0.22489305300567902,-0.10393630336027793,0.1848683326872169,-0.2139313749310207,-0.23970878156668357,-0.2183143470431321,-0.08997161432858732,"Contour_px581_center[3748, 770].png"
-1.98998216381981,-1.557507549362054,-0.7471929914534982,0.288128175972809,-0.5751662494750007,0.21994124851628943,0.043864438051373224,0.00923382008045496,0.006844379622686279,-0.0306606870328951,"Contour_px582_center[12751, 817].png"
-0.32357886218210247,1.6168340583133596,-0.8160242730659905,-0.9338879314712273,-0.3995520686231247,1.038026176157422,0.35348955561403245,0.2680420848053688,-0.026872203005590036,-0.003271581218370627,"Contour_px583_center[9325, 809].png"
-1.597045563764492,-0.13193305050813314,-1.3496593938534662,-0.07236683110026854,0.017844882835676902,0.2996085749280179,-0.7938733172150193,-0.044229959534076616,-0.1738030486925282,0.009776790217310247,"Contour_px584_center[1840, 795].png"
-2.8276724254308006,0.044734205292639356,0.8055445776565716,0.4375013887810382,-1.0335083613493925,-0.390190283683363,0.4770390628583747,0.0015323288644103093,-0.025717373642702664,0.02624810671424367,"Contour_px585_center[2351, 738].png"
-1.9660581920816804,-0.3948532396224343,0.1205632813148393,0.9750908637297525,-0.8501225514260581,0.5778531961126362,0.5255836836418418,0.12258889373365262,-0.12202076633869102,-0.018644570168813306,"Contour_px586_center[5719, 786].png"
1.980100466140402,-1.0723093849108456,-0.05096661164807914,0.9746220713588624,-0.9095753866239958,-0.5794739487493009,0.3782335639140734,-0.028245452566494057,-0.10038743254803555,-0.03527322020746797,"Contour_px587_center[8386, 763].png"
1.898504091557414,2.334845983218361,-0.40659447655604974,-0.44828543398537457,-0.33567017289460976,0.44850295375626925,-0.5186764905751741,-0.29075100825957473,0.29118574370029937,0.03373181129794545,"Contour_px588_center[3154, 710].png"
0.48673378701969466,0.8828542619497686,-1.1305825082429048,1.2545113628090112,-0.7442569969864572,-0.37721407864883605,-0.5189573052795089,0.1791098576756475,0.1297805528180169,0.0024110262693204446,"Contour_px589_center[8834, 682].png"
-0.7971098804806477,-0.2906759447109804,-1.3232982075420108,0.08190003076483977,0.9731226475870185,0.9522400242279597,-1.1417064132388106,0.1111518187602311,0.024866982881537374,-0.04557142471044779,"Contour_px591_center[11303, 766].png"
2.1707614100617127,0.020208741555855184,0.6905654989775295,0.595879535039329,-0.8454898510490495,-0.4825275953218037,-0.11443949925895133,-0.008891444937749083,0.21188323963416864,0.0002704369393045147,"Contour_px592_center[6065, 735].png"
-0.11571110631045073,-1.1701167179757377,0.09845085329170539,-0.045390734175821235,-0.1171681776796633,-0.620915374164972,0.012125437841626454,0.0968159727757271,-0.14991640899967865,0.03110232358421312,"Contour_px593_center[13170, 696].png"
4.866624729960501,0.5267544400070752,1.7420424676190058,0.3514709992755077,3.281860220098661,0.09900323144488997,-1.4952213050084378,0.17281310462263852,-0.2802232034322682,-0.11214427157299785,"Contour_px594_center[1425, 673].png"
0.029245354987820743,-1.546692944313765,-0.05050231982808979,-0.11406854172455475,0.048771789355392746,0.838643863813906,0.4508561236291053,0.2504673154173138,-0.13421722511187464,-0.049095235884447815,"Contour_px595_center[4850, 641].png"
4.251649248165683,1.2989032314196782,-1.452582953779042,-1.3170688640637545,0.3117686728938235,-0.83952960624851,-0.26676248681824416,0.3124786978505975,-0.029142518046146117,-0.06737937595930743,"Contour_px596_center[514, 653].png"
-0.7989594340880332,-1.080807629804568,-0.6027554433310165,-0.30019784706440084,-0.09159445469151646,0.22471691496532964,-0.45466877907654707,0.08177016979924395,-0.04902559406491528,-0.02297976077657801,"Contour_px597_center[12244, 687].png"
-2.6919907276529504,0.48346685516916404,-0.5226402578324111,-0.7714828558637363,0.9603747212567633,0.5997604598423677,-0.03451777433156367,-0.24367277212334323,-0.004392590890018388,-0.035716706215751355,"Contour_px598_center[763, 601].png"
0.7666310896533738,-0.4165592759481313,-0.20041946405532507,2.0398564148358083,-0.15705627751514117,-0.1771218816682335,0.2052455382276924,-0.20516372470477204,0.01869909544157528,-0.025165124810674774,"Contour_px599_center[5212, 634].png"
-1.0051002577616628,-0.3652387378296895,1.0045079456890225,-1.2704779128166608,0.9153374438408289,-0.13262105467423504,-0.7593448549766658,0.012041595393574363,-0.07735091233447901,0.054556496883676725,"Contour_px59_center[1835, 6103].png"
-2.2847032699057572,0.10758073120026408,1.5954231123330602,0.7359324213217034,-0.8288045529896249,-0.19183526078001464,-0.4275139245636029,-0.15953598095427676,0.14587829447573436,0.05098469421860027,"Contour_px5_center[3742, 6774].png"
4.1820435056639,-0.33839389452589036,0.7976074989904769,-1.2873525321120591,0.5293677795360597,-0.17600698077113833,0.2340783689496027,-0.056049820268098995,-0.17654860185214727,-0.1009965705154982,"Contour_px600_center[10948, 584].png"
-2.0308011854391155,0.22062226595646955,-0.02139399736502817,-0.011339075859552144,0.28194822052385926,0.008942945327198876,-0.26836831813889306,0.11776341570320502,-0.1053326884749763,-0.06118422774098045,"Contour_px601_center[7504, 616].png"
-1.6439796385898986,2.6061256777475474,-2.3304197487558995,0.5776671455650189,-0.3163253198573256,-0.03414588892672196,0.5372065536829475,-0.03531330263207118,-0.008879257236770135,-0.04275711632166315,"Contour_px602_center[4129, 627].png"
-2.0741518920053736,-1.6271687671126114,-1.0214354066386424,0.03754373169736074,-0.18085450302602904,-0.23754779939391324,0.3218844610958001,-0.011634625897059154,-0.07069515506265363,-0.05161043929805318,"Contour_px603_center[11774, 535].png"
1.7316951806170928,-1.1468000707249622,-0.8984406757701624,-0.3771102033311476,0.4276811326025921,0.7972033376226749,-0.3523689489171331,-0.04900091310904011,-0.045346224097237,-0.06934431089710667,"Contour_px604_center[10539, 589].png"
1.6146629870887603,1.3956557803107654,0.055847452281756055,-1.511987955311666,-0.47051438782306376,1.0097346897762005,0.7365793907677846,0.032691167526918655,-0.35474529225231505,0.3869936513064112,"Contour_px605_center[3406, 567].png"
-2.386567613756666,-1.4619855751995212,0.418975360665317,-1.1971189979897132,0.2103941718723375,-0.4378659202793486,-0.40938585740871347,0.05274044862810763,-0.01955673788495095,0.018663158042278874,"Contour_px606_center[2985, 535].png"
-1.9803871530289143,-1.0035735093318086,-1.0471032892800602,0.29726347868273706,0.9645566104981365,0.01943636113926967,0.9179280707961858,0.060595641946621835,-0.05201409937013027,0.11748604967823431,"Contour_px607_center[1866, 559].png"
0.6855662358493235,0.034763337826074,0.17578347660537375,-0.45938690056310083,-0.27493603576288506,-0.23802457674320043,-0.287672725534695,-0.16556998386114768,0.030695749421445862,0.048606249928717794,"Contour_px608_center[4490, 512].png"
0.8070059074133524,-0.8065022924063551,-0.20253621025913005,1.1729551623880403,-0.5878797846567324,-0.45743989775742744,0.8848293973232249,0.0046795352394226565,0.16003253509251253,-0.003604051248099174,"Contour_px609_center[10186, 521].png"
-2.8410469901648714,-1.1741838977912793,1.3254361978295544,-0.8366279746410736,-0.2081627335969096,-0.5080400339472025,-0.13188129773885454,0.12812502099650663,0.1143375845440431,-0.014680236591464287,"Contour_px60_center[9680, 6087].png"
-1.0584509108357985,-0.7069526085969002,-1.481152352289309,-0.44983520146563566,0.008763762705532871,0.139371740205657,-0.37198700475362917,-0.11015387778892116,-0.13426857086198213,0.18136524353318886,"Contour_px610_center[7098, 577].png"
-0.8194796322731163,-1.4196904729599293,-1.6384692767696947,-0.4006978202374098,-0.20577915662893265,0.08994051592121052,0.18775407834158153,-0.015622476163182995,0.07731650675098534,-0.04591234419412748,"Contour_px611_center[154, 496].png"
-1.437787711891326,-0.11430770697467509,-0.8104391274209741,-0.5787014120652569,-0.9671551741082937,0.07398950369805062,0.2010135698511162,-0.04955940074479443,-0.17792257260980457,-0.0661404441220038,"Contour_px612_center[3711, 419].png"
4.464964595149156,0.643284613189838,-0.6158215326528141,-0.8235600646294515,0.8442242371490237,-0.1991031115853978,-0.6168405153377555,-0.22556545166118844,0.13183790689300384,0.03815692795935814,"Contour_px614_center[8667, 410].png"
-1.0584024361302355,0.24227601809925936,2.5457786054426887,1.7969154473444084,-1.2931463850429556,-0.591983543745896,-0.793261216225209,0.06733980980422147,-0.10781855712949007,0.014613074923596316,"Contour_px615_center[2214, 423].png"
0.3024160335917673,0.12221459873287711,-0.13031448976504878,0.5940790236906286,-1.158203310142624,-0.7629239679600464,0.17026562946203747,-0.1864718212635852,0.02130013594156417,-0.028782068611784704,"Contour_px617_center[981, 395].png"
-0.45561835032972997,-0.46693895560443016,0.8938211581755868,-0.07492767749374007,2.2330152550073965,0.28094872948193583,0.017352196339661383,0.015636367888166035,0.07064731672666073,-0.05026672292584793,"Contour_px61_center[9338, 6104].png"
-1.680019934605201,-0.26318597179944725,0.4726498642469632,0.11574637142920764,-0.4400876977579802,0.34186943629754335,0.016514068762437623,0.020272356520199465,-0.018478888375570143,0.06335223074573344,"Contour_px621_center[6109, 350].png"
2.2603576397332668,-0.6171115672892068,-0.3025855053994166,-0.5428958380380494,-0.4060632388541832,0.47884275131558063,-0.6157709534824769,0.0863404551716096,0.09900810172913252,-0.03802000174388544,"Contour_px623_center[13082, 333].png"
-1.5878635114689315,-1.5145327888802047,-0.7954579902845785,-0.2479782225331554,0.19731356834863645,-0.046854081963746706,0.2027690476165313,-0.010352515259835441,-0.11531460636102497,-0.035209876658782197,"Contour_px624_center[5719, 336].png"
-2.424309287759422,0.5913184756483761,0.4910640025525406,1.1436087916389963,-0.23873977950617092,0.4540938837691065,-0.2811337814318341,0.20395186555066336,-0.27226448056421176,0.0036946548563682236,"Contour_px625_center[12644, 395].png"
-1.834523400165186,-0.7843492393532805,0.4411165614367199,0.18958664895049313,-0.611058723684676,1.5702613934947638,0.13792652177246031,0.17940948275406166,-0.10100404672518085,0.02484350778256758,"Contour_px626_center[4842, 291].png"
2.511671435161211,-1.509390306046373,-0.8710515405910454,-0.7200502170598779,0.17964902831876772,-0.019426115153911246,0.10029766652247674,0.003857258852994643,-0.23388067347324168,0.26594857771458014,"Contour_px627_center[2519, 243].png"
-1.6424270282873195,-1.4822980004270954,-1.3137006151966903,-0.5295805032374853,0.3809875886654813,0.08172045888437748,0.40011631832816535,-0.0923299895629974,-0.09295774951998058,-0.06206931652827835,"Contour_px628_center[573, 231].png"
-1.980416244052718,-0.703828860578883,1.6725328759905307,-0.6332713715639716,-0.7123151167694662,0.3762725934095969,-0.3847482281565364,0.2455918796177526,-0.07785890645220699,0.00969786639227103,"Contour_px629_center[5208, 290].png"
-2.565022348086791,0.7950748179563282,3.3507573512599005,0.35135369974977737,-0.3418495639571014,0.16274184656265256,-0.11465921296655009,-0.11104393412833698,0.26377691414651167,0.005021232390441815,"Contour_px62_center[8574, 6014].png"
-2.66680514808812,0.5058632257601601,0.7948427180496997,1.2328792198268146,1.7811658672464588,0.686423504146986,0.8806156106907752,-0.18835377250168664,-0.01577239490480686,0.03047772291691009,"Contour_px630_center[3944, 215].png"
-2.1511836160611297,-1.0753884026057294,-0.944062706795161,-0.5040761754921105,0.10860465698488478,-0.045390390624201644,0.16194283984118374,-0.05203878983947959,-0.04115325930348608,0.04158281853354604,"Contour_px631_center[3626, 200].png"
-0.43244449232855947,3.523193204985191,-0.28178577132008026,1.6170160971890135,-1.99253538390681,-0.8021355227446461,0.6340316904477015,0.557922797779617,0.13955361327092802,0.06257824130001555,"Contour_px632_center[3325, 223].png"
-1.9588686652554321,-0.6331506136546063,-1.4193577617859272,0.05237665882292326,-0.5699504610268564,-0.16969888076182385,0.38746865245448786,0.029797233450254753,-0.05801611360186044,-0.046423481608900544,"Contour_px633_center[4382, 249].png"
0.31514136807923987,-0.45573288757485697,1.0060496561930874,-0.2951307756813937,-0.25392535259371957,-0.4508134279014223,0.13912283621104105,-0.10324061879387672,-0.07794614961443123,0.0028492144517234357,"Contour_px634_center[3004, 141].png"
-0.0732832251433928,-1.1431494472820267,0.6802077611768277,-0.2465958858844139,0.7181559621527009,-0.10022469124331373,0.19532408083631472,-0.07475265670424516,-0.027607574459444506,-0.03605089504417868,"Contour_px635_center[1445, 180].png"
-1.050857144393289,-0.8765970760920178,-0.001694288449145148,-1.295031675538238,-0.2938719654081077,0.18164494093044267,0.11573590289559361,-0.06256226663179809,0.08893778241648403,-0.0515514138869917,"Contour_px636_center[181, 117].png"
-2.0602318816661493,-1.1790667156207866,-0.6891636445890124,-1.1200398686332247,-0.3368402047988901,-0.6217958391116133,0.09898897675144183,-0.004779179128874516,-0.0770468312884572,0.040338871697642255,"Contour_px63_center[6101, 6000].png"
3.389993073188962,-0.7576991817330443,0.4448224642623978,0.13505921962504527,0.15493338991916422,-0.8912721205818303,0.21189141724682625,-0.6542976476842621,0.5067442565780536,-0.04447868168400645,"Contour_px64_center[2280, 5999].png"
-2.9619529402905775,-1.4188922185994381,1.8250468394631378,-1.7996166935565012,0.5697071795147204,0.3839669658442903,-0.4994182169094677,0.3320094842523261,0.08278815093824814,0.016459087496192754,"Contour_px65_center[4043, 6102].png"
-3.2465899241262215,0.5347482663844593,0.8561353322167605,1.3789222354690542,2.052299720021586,0.4265611868101987,1.1765771936053622,0.011819369124963137,-0.10020772878556093,-0.028235144946674933,"Contour_px66_center[10023, 6007].png"
-2.782953775879731,0.48532986439551723,4.313891573281483,-0.5785488767475891,0.47591145863102036,-0.9323195125032098,-0.7763069997781561,0.35102615840551066,-0.10433353380606208,0.0007539782550251286,"Contour_px67_center[11282, 5976].png"
-1.9317600850298664,-0.4037658246045341,0.21219984451816745,-0.28093236575833314,-0.022319203072941256,1.120782254682841,0.03021653673992896,-0.20074336489478317,0.14716369741804705,0.07255492371926488,"Contour_px68_center[10467, 6000].png"
-1.0492213337922276,-0.2308805690752106,0.47659638797165305,-1.101145642744778,0.27380096466163667,0.2696504120711353,0.28186664266009775,-0.06003150182803032,-0.02348441799395842,0.10010773689290008,"Contour_px69_center[14089, 5996].png"
3.7350563698664776,1.3538151285614453,-0.10237446423980878,0.5583831410682399,-0.0201019465553717,0.4406442034479569,-0.40065969220529424,-0.28932546773121187,0.12768497537183252,0.06207446446811373,"Contour_px6_center[1772, 6705].png"
0.008892977444361707,-0.5052696125458165,0.0010245399655344205,-0.6558490204703443,1.3040290792381053,-0.28689072564278495,-1.0447693899292283,-0.007489453585696873,-0.040864881238959684,-0.056856198624503904,"Contour_px70_center[3241, 5953].png"
2.1222359559246566,-0.5222175416464304,-1.268240334208447,1.497315112280396,0.9104834282990288,-0.6985383446774704,0.7529441692995881,0.39570966704350496,-0.017594488635917237,0.10955392020720074,"Contour_px71_center[13601, 6030].png"
4.977894405556121,-0.7705051147913696,-0.784469302779621,0.5300565797268671,1.8890459807708317,-0.8023763774240972,0.03934325132691686,0.2553066551408749,-0.3427184922557643,-0.11565009502442594,"Contour_px72_center[6863, 5958].png"
-1.3006727074321385,4.370706949519538,-0.5349097586434703,-0.709942335301801,-0.08748359391059439,-0.39441130789262435,1.3938570866599878,-0.14452916290767714,-0.10907701847288062,-0.07802945597675505,"Contour_px73_center[12213, 6042].png"
-0.620160588152687,-0.7862003979885276,-0.08580357746745736,-0.15178927733909808,0.37667474793383193,-0.16869795082963024,0.9065293206332854,0.0816006152326975,-0.028280437288235184,0.003950809580682126,"Contour_px74_center[13148, 6019].png"
-1.1192982160034441,0.3891748271925877,-2.1768862572347842,-0.5277777110184118,-0.1812770443956564,0.30885705537834884,-1.655451727417349,0.08591838331500198,0.041950554182998076,-0.03611106926724869,"Contour_px75_center[970, 5998].png"
-2.833818406466404,3.1308228318009967,1.6194943538572182,-0.36828557210924306,1.3804534052837303,0.3585512920222944,1.1783444051212846,-0.020354784257850932,-0.2460490950535061,-0.08957957447388913,"Contour_px77_center[5742, 5896].png"
-0.15724544729951864,2.4263355676104004,-1.95760814249191,-1.3089831600946238,0.4812131021864199,0.6159198144612517,1.6734027911717668,-0.21325733477292566,-0.3538877202203638,0.39508530384971857,"Contour_px78_center[2652, 5894].png"
-0.40121889721374776,-0.38996964389060784,0.47355107020157927,-1.4815446489603776,-0.4405998169942834,-0.4566353191492352,0.9170076185102582,0.04436041748471105,-0.10876955398011644,-0.06131611536545748,"Contour_px79_center[7181, 5887].png"
-2.5564319551930863,-0.7602200248680319,0.6836196505804571,1.816799408282863,-0.868371071471546,-0.6584664645918007,0.4949127441255161,-0.06924089804221312,0.029895373349517414,0.08967865375475018,"Contour_px7_center[531, 6729].png"
-1.5102670384241628,-0.28753619404197067,-1.1480149341479249,0.16559157306001585,-0.686455675720823,-0.10905649340037057,0.05880785388862723,0.061899148665579044,-0.2220613261972133,0.13904641261666065,"Contour_px80_center[7454, 5900].png"
-0.21487875990567396,1.361242456992907,-0.8278201560855952,-1.7446940278173941,0.2683868068466413,-0.270480182377863,2.1083176959995336,0.10505125399554721,0.16505894150837053,0.09316676598350265,"Contour_px81_center[2939, 5891].png"
-3.1062086301279477,0.2352046219146372,2.902126515364159,2.8969385966201364,2.2634060250908234,0.022973243580502876,-0.8043252895156385,0.19879998966165272,-0.12804827021308637,0.009900028865375025,"Contour_px82_center[10939, 5924].png"
-1.1349484608656026,-1.1621084441173222,-0.6632853820335225,-0.8927324729911282,0.8418121323080344,0.0622434616137603,-0.5279543089104306,-0.06742435527442237,-0.05198032386890314,0.058213226298773686,"Contour_px83_center[3572, 5892].png"
4.473168812903058,-0.31400235292826834,1.6816918967762973,0.10600440719618341,-1.3414677388925884,-1.3406794145992489,-0.3784884695546617,-0.15029641622510467,-0.17296818959928054,-0.06929975580362507,"Contour_px84_center[8114, 5865].png"
-2.3337565157997426,-0.016585465077330698,0.09044844202583573,-1.07892860784853,-0.9021049437959257,-0.40489759412281134,0.6294541093612862,0.005971058209566346,-0.00526461500254224,-0.038441843352093545,"Contour_px85_center[1768, 5856].png"
-0.6821007145811783,1.184995187100389,-0.5961247392620097,0.5740626804832014,0.5469641459408491,-0.42784020325267885,0.5893212230288618,0.4443777801980582,0.12204766702802466,-0.013348850357130473,"Contour_px86_center[1439, 5830].png"
-1.4062215690732505,0.824317953453164,0.3471996954969167,-1.1208560761300912,0.16549222906694117,0.19601189588510975,0.826607876523489,-0.06409029448112742,-0.16230280367183808,-0.01958995027186681,"Contour_px87_center[9343, 5831].png"
-1.4272154260488008,1.4439354151868442,-1.448392325787346,-1.9188072775405314,-0.015736983396465707,0.551599381746768,1.4729921983992829,-0.06876842790664912,-0.22085080740305008,0.015770739414335107,"Contour_px88_center[4729, 5835].png"
-2.052475003076338,-0.22355969180903473,-1.585184931694601,0.8110994705590181,0.2980747263201319,0.026699593594655707,1.4562549168940595,0.05141206006616222,0.12455038802368754,-0.018206145041456043,"Contour_px89_center[6154, 5808].png"
3.181782179439023,-0.27715864725594397,-0.5336347616028825,-2.5143428519727196,-1.3085642392293024,2.341266398528526,0.9883016178036163,0.4163937777793795,0.14721639182086388,-0.043540149544144584,"Contour_px8_center[2984, 6704].png"
1.1232432902291367,-0.005606053135127849,0.4182591229318461,-0.9326615066198392,1.0731438177665986,-0.4526524382083455,-0.5722181996761272,0.0037395647492124953,-0.011357813474238802,-0.09538620596977379,"Contour_px90_center[4437, 5799].png"
-1.0006169489765715,2.15952018988393,-0.17252667768623864,0.04660417668364853,0.8926607291668479,-0.5345665325100818,0.7672232089174956,0.6311251602949244,0.4341185939195262,0.04416419216334879,"Contour_px91_center[12663, 5951].png"
0.07313163129657578,0.6010901776782382,-0.7349215981896682,0.09051394751543813,0.1184007013350548,0.26542915581578447,0.08355709468094986,-0.12814835193350793,-0.009256213517418036,-0.05858245124616685,"Contour_px92_center[8558, 5802].png"
-1.2600574706551915,0.19107132447362138,0.6266364907879111,-1.3000274660964706,-0.7019336858540922,0.17040662581896346,0.5172349718411555,0.0009647242181744689,-0.11020584050848625,0.10322600850710766,"Contour_px93_center[7690, 5819].png"
7.468202786349953,0.543091256650997,0.11095223391284972,-1.2907339941910096,-0.04039452971364734,0.3429095861834235,0.20215023913390748,-0.08691642717218473,0.25884885215155384,-0.09343176831645779,"Contour_px94_center[6858, 5745].png"
-1.3385133457563203,-1.134934125136521,-0.6433914508447239,-0.1755470861703872,0.5122349393247698,0.4322368553885893,0.13931769183095888,-0.25772045580426667,0.1501289513448236,0.0711866222045232,"Contour_px95_center[7382, 5718].png"
6.491655305300028,0.9662971763797279,-0.8514172221690178,-0.29444978759272056,0.2553531369825067,0.29298184600493493,-0.5495327389066541,-0.9941708051439522,0.6416834626947092,-0.06507014132600152,"Contour_px96_center[8919, 5726].png"
3.170748015066247,3.781247247763561,-2.2978339994261,0.21444991545079878,-1.3212967689924484,-0.12988314597364517,-0.26005812627010244,1.0269032259327429,0.5464670887181515,0.08204645419555212,"Contour_px97_center[14898, 5778].png"
1.2024587609301762,1.3674425452410939,-0.8790230024266834,-0.7360152912671462,0.11332935769946022,0.2618770974244381,0.44069955846562314,-0.19044277492795247,-0.19227870220906965,0.6397761387392682,"Contour_px98_center[10062, 5677].png"
0.36207618127109914,-0.8934877755046919,-1.8020426785672963,0.8838684920582703,0.6515579690590679,0.35455667885983766,-0.18890662789361082,0.09735320941559472,0.3338694357994867,-0.005836933535749645,"Contour_px99_center[14449, 5765].png"
-2.621029506404891,-1.2368319883157175,0.1742944584218429,0.8990583267464779,1.7986195984595277,0.6202762847825818,-0.3763104802726341,0.007190907241787594,0.041116145720845015,0.0013984790933994511,"Contour_px9_center[2579, 6689].png"
